CONTROL_STORE,CORR_SALES,CORR_CUST,DIST_SALES,DIST_CUST,SCORE_DIST_SALES,SCORE_DIST_CUST,FINAL_SCORE
233,0.89437508323164,0.9905421560670273,17.6,0.625,1.0,1.0,0.9712293098246668
17,0.843806140345968,0.7411961365053151,155.0375,3.25,0.8832474103649116,0.9705882352941176,0.8597094806275781
41,0.6326484658672392,0.8118441408859888,39.72500000000001,2.75,0.9812049037149516,0.9761904761904762,0.850471996664664
115,0.6847633978763795,0.6250476973943327,84.24999999999999,3.5,0.9433810997786002,0.9677871148459384,0.8052448274738128
167,0.6536859922026497,0.6431554943394248,56.10000000000001,5.5,0.9672944087243227,0.9453781512605042,0.8023785116317252
265,0.6315861294352705,0.5491620474073872,45.025000000000006,4.875,0.9767025755653129,0.9523809523809523,0.7774579261972308
254,0.5368502839860964,0.7187458325484813,105.8875,7.625,0.9250001327337308,0.9215686274509804,0.7755412191798223
234,0.6974439066285457,0.5282215486973252,139.1125,5.5,0.89677563221076,0.9453781512605042,0.7669548096992838
35,0.5067082123261466,0.7318139069292985,115.975,9.5,0.9164308430715647,0.9005602240896359,0.7638782966041614
53,0.5189294364627703,0.4834937784152283,35.400000000000006,4.75,0.9848789733842322,0.953781512605042,0.7352709252168181
111,0.5165246266164897,0.4801202404403983,47.97500000000001,4.25,0.9741965627273065,0.9593837535014006,0.7325562958213988
27,0.5327829274061653,0.5419420448627583,174.4375,5.125,0.8667671903454793,0.9495798319327731,0.7227679986367941
50,0.5909450707572552,0.38766130606304766,40.43749999999999,8.125,0.9805996379023824,0.9159663865546218,0.7187931003193267
46,0.4416322492121244,0.4595959595959596,30.65,4.25,0.9889140788013613,0.9593837535014006,0.7123815102777115
187,0.45675422974761526,0.4801190843011916,34.412499999999994,8.5,0.9857178505630565,0.9117647058823529,0.7085889676235541
20,0.5220132158255523,0.36314600989293067,48.92500000000001,6.125,0.9733895416438807,0.938375350140056,0.699231029375605
84,0.5384293595898662,0.4523598283977971,208.7625,7.25,0.8376082443574892,0.9257703081232493,0.6885419351171005
145,0.39162446091320213,0.43519413988924455,71.64999999999998,5.75,0.9540847478324582,0.9425770308123249,0.6808700948618074
264,0.3963966300884243,0.4003793213710807,45.16250000000001,5.5,0.9765857698821855,0.9453781512605042,0.6796849681505486
37,0.4434526663610372,0.43432046358484977,163.59375,7.125,0.8759789112648463,0.927170868347339,0.670230727389518
248,0.3327928042489514,0.5483679197986799,128.1125,10.375,0.9061200868609535,0.8907563025210083,0.6695092783573983
195,0.3861637898411231,0.3882104355109485,51.14375000000001,7.5,0.9715047226661429,0.9229691876750701,0.6672120339233212
119,0.8318316010329232,0.9777090745046307,733.6375,55.375,0.39172909576473214,0.38655462184873945,0.6469560982877564
202,0.5338933150613208,0.34124580217393025,256.11249999999995,9.5,0.7973846145677925,0.9005602240896359,0.6432709889731698
268,0.35080702827652926,0.2832872556870854,52.556250000000006,6.25,0.9703048097394702,0.9369747899159664,0.6353434709047627
151,0.37607492976120094,0.30293734200131095,87.97500000000001,8.125,0.9402167276356936,0.9159663865546218,0.6337988464882068
14,0.44244417611947184,0.6229844846460209,202.05,36.625,0.8433104854338004,0.5966386554621849,0.6263444504153696
121,0.4563430574926733,0.11766367798716977,64.0375,8.375,0.9605515351983307,0.9131652661064426,0.611930884196154
131,0.4086888294675226,0.10225858729709089,34.72500000000001,6.5,0.9854523831014033,0.9341736694677871,0.6076433673334509
64,0.25686689517126765,0.3420094824871251,163.6375,5.0,0.8759417458202148,0.9509803921568627,0.6064496289088676
205,0.3292739831085566,0.15288810736866804,39.45000000000001,7.0,0.9814385150812065,0.9285714285714286,0.598043008532465
96,0.29636649881202903,0.252347024211878,140.97499999999997,6.625,0.8951934461393067,0.9327731092436975,0.5941700196017279
21,0.41376640486705285,0.18411348101529257,195.8625,6.875,0.8485667411745342,0.9299719887955182,0.5941046539630994
176,0.32572604335590527,0.08064331372823594,40.5125,5.875,0.9805359257115855,0.9411764705882353,0.5820204383459906
1,0.050163087991522026,0.3505720034089105,53.612500000000004,5.875,0.9694075297190823,0.9411764705882353,0.5778297729269375
71,0.7929306257263902,0.7194353478352862,716.6875,62.0,0.4061280508848031,0.3123249299719888,0.557704738604617
192,0.5555416087786538,0.21403844341910677,209.2,36.25,0.8372365899111747,0.6008403361344538,0.5519142445608473
272,0.11464487436092419,0.2384484562933339,150.73125,4.375,0.886905551986493,0.957983193277311,0.5494955189795155
251,0.33050916303465805,0.058373513155202277,156.84375,8.875,0.881713008436556,0.907563025210084,0.5445396774591251
162,0.6583690945723472,0.5894368730129242,581.8625,53.875,0.5206613325404705,0.40336134453781514,0.5429571611658893
197,0.33440251723823033,-0.05517939531403308,87.8,6.375,0.9403653894142195,0.9355742296918768,0.5387906852575735
149,0.021091279536819208,0.2970200647533432,169.04999999999998,4.75,0.871343849384381,0.953781512605042,0.5358091765698964
214,0.07839272586593617,0.12892712663020317,33.325,6.0,0.9866416773296097,0.9397759103641457,0.5334343600474737
174,-0.0013054273755457105,0.2811898714288441,137.7,6.75,0.8979755451374325,0.9313725490196079,0.5273081345525847
6,0.04852477823078797,0.10213482637099768,35.87500000000001,5.875,0.9844754628425194,0.9411764705882353,0.5190778845081351
245,0.19571195782652462,0.01818049601200355,113.1875,8.25,0.9187988128295115,0.9145658263305322,0.5118142732496429
173,0.1347413724469746,0.16771693962620804,211.99375,9.75,0.8348633108039948,0.8977591036414566,0.5087701816296585
150,0.25921755929705703,-0.017177153668569506,182.9625,6.875,0.8595252379915794,0.9299719887955182,0.5078844081038962
139,0.313082441472827,0.29468378747350293,213.175,37.25,0.8338598437989455,0.5896358543417367,0.5078154817717531
157,0.7223316173016473,0.5547352140716845,683.8125,61.5,0.43405522785072237,0.3179271708683473,0.5072623075231004
263,0.2243786209743467,0.3683547343418787,213.72500000000002,37.25,0.8333926210664359,0.5896358543417367,0.5039404576810995
98,0.21035628524129887,0.004217973348083555,119.525,11.125,0.9134151327071841,0.8823529411764706,0.5025855831182593
51,-0.06948515350819001,0.1890640292963699,73.45,6.5,0.9525556552533356,0.9341736694677871,0.5015770501273257
12,0.09227833646594885,0.0900937462695559,179.45,6.5,0.8625090922605616,0.9341736694677871,0.49476371111596334
68,0.05905155927895979,0.05900944494931049,96.55,7.25,0.9329323004879292,0.9257703081232493,0.4941909032098622
228,0.17894232216699232,-0.06124862132340586,103.82499999999999,7.875,0.9267522179806421,0.9187675070028011,0.49080335645675743
170,0.17554661192357485,-0.044150505665543835,133.8125,7.125,0.9012779603603986,0.927170868347339,0.4899612337414421
3,0.6165735527386851,0.756912588524373,848.73125,64.5,0.2939574296378493,0.28431372549019607,0.48793932409777585
253,0.12409007801203534,-0.007513317123650873,161.6875,6.875,0.8775982627809309,0.9299719887955182,0.4810367531162084
161,0.28359971897521163,0.17910620335162064,209.8875,36.75,0.8366525614955376,0.5952380952380952,0.4736491447651163
255,0.20483090591177766,-0.2421996715169183,27.412499999999998,6.125,0.9916643217040887,0.938375350140056,0.47316772655975103
113,0.46741059275330377,0.5668803464588277,656.9625,54.125,0.4568641921559675,0.4005602240896359,0.4729288388644337
73,0.0265451004471174,-0.034599953073845474,83.32499999999999,5.125,0.9441668834650937,0.9495798319327731,0.47142296569278463
188,0.010574927267325882,-0.0628148634537008,31.1,5.25,0.9885318056565807,0.9481792717086834,0.4711177852947223
257,0.7157932007667396,0.40347069322145357,668.75,61.5,0.4468507595024078,0.3179271708683473,0.4710104560897371
74,-0.03633244993089929,-0.015738764073941078,61.85000000000001,6.0,0.9624098074299033,0.9397759103641457,0.46252862594730215
256,0.02067909150861509,-0.07567504830609177,62.46249999999999,6.875,0.9618894912050631,0.9299719887955182,0.45921638080077615
82,0.17255397768883088,-0.231874980370699,79.05,5.25,0.9477984783405098,0.9481792717086834,0.45916418684183125
105,0.5267607878322627,0.420431643303432,628.0,55.125,0.4814677165019884,0.3893557422969187,0.4545039724836505
127,0.2708132119960493,0.11398093201512033,210.53750000000002,36.875,0.8361003891752987,0.5938375350140056,0.4536830170501185
239,0.01457563275182289,-0.07752942892115565,106.9625,6.75,0.9240869246656437,0.9313725490196079,0.4481264193789797
185,-0.05149784347027615,-0.09155696231414953,38.73750000000001,6.25,0.9820437808937759,0.9369747899159664,0.44399094125632915
189,0.13969042756531475,-0.13197567023841772,125.05000000000001,13.375,0.9087216679851551,0.8571428571428572,0.4433948206137273
108,-0.0935386111649861,-2.0816681711721685e-17,73.16249999999998,8.375,0.9527998853180566,0.9131652661064426,0.44310663506487824
236,0.44326732722396783,0.44567740566452657,647.275,55.5,0.46509368346721747,0.3851540616246498,0.4347981194950904
182,0.017631685158876795,-0.09376651067827389,146.1,7.375,0.8908397797681938,0.9243697478991597,0.4347686755369891
204,0.12368146858091361,0.18907715852483697,205.15,37.625,0.8406770482142004,0.5854341736694677,0.4347174622473547
18,0.0842880077960134,-0.2532457254658621,44.575,8.0,0.9770848487100936,0.9173669467787114,0.4313735194547391
235,0.10005570061861765,-0.10223602183581595,238.38125,8.25,0.8124472383419964,0.9145658263305322,0.4312081858638326
260,-0.03773654021865982,-0.017881649984639474,196.7375,7.125,0.8478234322819052,0.927170868347339,0.4298440276064862
62,0.35864994041280324,0.5415303610738824,659.05,58.25,0.45509086951212396,0.35434173669467783,0.42740322692337185
69,0.4648459531657308,0.5618352057475743,704.75625,66.25,0.41626359857072326,0.2647058823529411,0.4269126599592424
200,-0.09002950874591072,0.09151059802825862,242.37499999999997,12.625,0.8090545641820682,0.865546218487395,0.4190204679879528
250,0.5368202104260004,0.5849322765859163,856.95,66.625,0.2869756353963695,0.26050420168067223,0.4173080810222396
141,-0.1284997945167978,-0.10768601458875718,42.575,8.5,0.9787838404646743,0.9117647058823529,0.41359068431036805
120,-0.1297019904905081,-0.044365565425401446,91.78750000000001,10.625,0.9369780246035243,0.8879551820728291,0.41271641269011095
126,-0.11995670125483399,-0.06440537602299572,150.3,7.375,0.8872718970835745,0.9243697478991597,0.40681989192622614
30,0.5036739289523916,0.243343775217537,637.325,54.5,0.4735461674462561,0.396358543417367,0.40423060375838793
229,0.19116870613058193,0.502139504851751,605.3,53.75,0.5007512729164787,0.40476190476190477,0.399705347165179
134,-0.07791498009350124,-0.11659280746581778,183.48125,7.25,0.859084562005235,0.9257703081232493,0.3975867706422913
191,0.285908427781988,0.3896410175313988,608.425,53.375,0.49809659829994646,0.40896358543417366,0.39565240726187667
23,0.4175556338748602,0.2673154916322386,629.0875,53.625,0.48054388973543516,0.4061624649859944,0.3928943700571321
38,0.0748090583415897,-0.41391767227560833,49.33749999999999,7.5,0.9730391245944985,0.9229691876750701,0.38922492458388747
42,0.04940486690748071,0.0858319199262697,219.1125,37.625,0.8288159620275343,0.5854341736694677,0.3873717306326881
143,-0.2188895261125371,-0.0682788741998919,147.63125,5.5,0.889538989206093,0.9453781512605042,0.386937185038542
148,0.37143707501958406,0.13694696247107355,477.95,52.125,0.608934572889401,0.4229691876750701,0.38507194951378215
83,0.182657392333465,0.38821491187727225,571.425,51.125,0.5295279457596883,0.4341736694677871,0.3836434798595532
47,-0.26121647378202006,0.0031422778628194432,143.24374999999998,12.75,0.8932661523677043,0.8641456582633054,0.3748344036779523
66,-0.19504910501157882,-0.10551905227744257,168.875,7.25,0.8714925111629068,0.9257703081232493,0.37417366549928366
33,0.41981208847426416,0.31786992086761323,688.475,61.125,0.43009445332285623,0.3221288515406162,0.37247632855133744
232,0.44154139708776446,0.26560927732754347,671.7625,59.75,0.44429165317207076,0.33753501400560226,0.3722443353982453
222,0.20867387457197453,0.3213358134115196,597.45,50.5,0.5074198155532077,0.4411764705882353,0.3696514935312343
184,0.4759332020206122,0.12834808529785563,650.25,53.625,0.46256643323227875,0.4061624649859944,0.36825254638418525
215,0.08408370037520076,-0.43650732392664976,137.45,7.75,0.8981879191067551,0.9201680672268908,0.36648309069554924
132,-0.013463869139549327,0.04587349021359844,205.85,37.0,0.8400824011000971,0.592436974789916,0.36623224924101555
178,0.15526447792363376,0.5731966161906623,712.4125,61.0,0.40975964576021917,0.32352941176470584,0.36543753790980527
60,0.5384562176113653,0.27946127946127947,836.95,59.75,0.30396555294217587,0.33753501400560226,0.36485451600510577
159,-0.008190840588237073,0.04907329048119163,216.25,37.75,0.8312476439762778,0.5840336134453781,0.36404092682865263
212,0.07346468327493413,0.19172522805920078,462.54999999999995,39.5,0.622016809399672,0.5644257703081232,0.36290812276048257
87,-0.13064993614295434,-0.2947508199235704,93.21249999999999,7.125,0.9357674929783857,0.927170868347339,0.3593844013148
34,-0.1752036782819303,-0.22697241358237324,120.225,7.625,0.9128204855930808,0.9215686274509804,0.3580532552949394
45,0.26916768780600114,0.1429740180895972,561.6375,49.0,0.5378423866586672,0.45798319327731096,0.3519918214578941
26,0.4432968245485617,0.5481529480810677,952.4,72.25,0.20589125390900842,0.19747899159663862,0.3487050045338191
168,0.4131417862115595,0.33901152740905033,756.66875,65.75,0.37216414384088947,0.27030812324929976,0.34865639517769975
52,-0.0023195778776179572,-0.04494665749754946,206.575,37.5,0.8394665165890617,0.5868347338935574,0.34475875377686294
249,-0.5230013962128581,-0.009811085172748306,58.77499999999999,6.625,0.965022007252571,0.9327731092436975,0.34124565877766555
57,-0.07963530130412037,0.6066031248008855,641.6499999999999,57.875,0.4698720977769756,0.3585434173669467,0.3388458346601719
171,-0.3328178321356223,-0.16036195178885565,149.89999999999998,5.875,0.8876116954344906,0.9411764705882353,0.33390209552456196
146,-0.2693623213784225,0.195593879743712,218.5,38.375,0.8293362782523745,0.5770308123249299,0.3331496622356485
142,-0.22373469316131805,-0.1888137280123403,212.95,8.625,0.8340509803713358,0.9103641456582633,0.3329666762139852
29,-0.2715654923518032,-0.22747182541885075,136.025,7.375,0.8993984507318937,0.9243697478991597,0.33118272021509987
246,-0.1586757006073849,-0.18297506141679798,265.55,12.625,0.7893674972258651,0.865546218487395,0.3283157384222693
70,0.05056783652844027,0.2994461740776089,576.75,51.0,0.5250043802131172,0.43557422969187676,0.3276481551277608
136,-0.34957939558250406,-0.20130717204664517,85.7,8.75,0.9421493307565292,0.9089635854341737,0.32505658714038843
271,0.3628906843411536,-0.05678785736977286,572.1624999999999,49.25,0.5289014425501868,0.4551820728291317,0.3225465855876748
243,-0.25506369510064636,-0.22134814322725194,150.8875,11.5,0.8867728182556665,0.8781512605042017,0.32212806010799244
220,-0.10473738561555246,-0.5175709514208556,39.83749999999999,7.0,0.9811093354287566,0.9285714285714286,0.3218431067409443
237,0.5181151343044718,0.6025721824793364,1104.9750000000001,83.375,0.07627942043143754,0.07282913165266103,0.31744896721697674
28,0.08754116372814702,0.19718379485493073,559.81875,51.125,0.5393874072854891,0.4341736694677871,0.31457150883408846
59,0.32369002164774674,0.34990925405431866,839.6875,65.0,0.3016400579780937,0.27871148459383754,0.31348770456849917
39,0.16552162928340203,0.17148073170458505,606.5,53.625,0.4997318778637303,0.4061624649859944,0.3107241759594279
5,-0.04576545448395396,0.2776192130191838,566.5875,49.25,0.5336373820660802,0.4551820728291317,0.30516830335761047
144,0.14587459051395477,-0.07509420184118148,478.775,41.625,0.6082337387906365,0.5406162464985995,0.30490759349050234
240,-0.21873043355399063,-0.3650715225959838,139.33749999999998,9.25,0.8965844956383696,0.9033613445378151,0.30403597100655255
198,-0.0685767427843252,-0.11396057645963799,220.85000000000002,39.5,0.8273399629407423,0.5644257703081232,0.3023071035012256
181,0.3381348507772942,0.4536340662448519,942.1812500000001,72.375,0.2145720399050688,0.196078431372549,0.300604847074941
2,-0.20079608588877473,-0.4552264466416406,83.26249999999999,8.375,0.9442199769574243,0.9131652661064426,0.3003406776333629
16,-0.1723150390725507,-0.48270385946396216,97.95,7.375,0.9317430062597227,0.9243697478991597,0.3002734639055924
163,-0.07483596642905163,-0.6159158603246112,46.2625,8.5,0.9756513244171662,0.9117647058823529,0.2991660508864641
89,-0.3566034918521199,-0.33038412590649213,65.875,8.125,0.9589905865238098,0.9159663865546218,0.2969923388299549
221,0.28317345107187036,0.07082142317965108,642.925,57.5,0.46878899053343037,0.36274509803921573,0.2963822407060419
43,0.28207589326943283,0.2762918379016052,769.6624999999999,66.625,0.36112600678534845,0.26050420168067223,0.29499948490926464
103,-0.3327485610825596,-0.35102794372198104,68.6625,9.125,0.956622616765863,0.9047619047619048,0.29440200418080675
128,0.18359642575333143,0.3266039647242484,752.1624999999999,64.5,0.37599218463792905,0.28431372549019607,0.2926265751514262
63,0.37866520741146126,0.10294844476629171,716.325,64.875,0.40643599314032075,0.2801120448179272,0.2920404225340002
164,0.12067484203755113,0.1808625845698597,638.65,56.75,0.47242058540884646,0.3711484593837535,0.2862766178500027
81,0.3298014802367676,0.36162225725655855,934.7750000000001,70.25,0.22086361874625027,0.21988795518207283,0.28304382785541227
8,-0.27871601230086046,-0.43301517299571957,130.3,7.25,0.9042618146293808,0.9257703081232493,0.27957523436401255
219,0.019848976643125273,0.1415093667971378,579.8625,51.25,0.5223603242950512,0.4327731092436975,0.2791229442447529
99,-0.21574580449355352,-0.0732620392873194,225.41250000000002,38.375,0.8234641380006053,0.5770308123249299,0.2778717766361656
213,0.35926025888932256,0.17949019676302355,787.575,69.875,0.3459094118833854,0.22408963585434172,0.2771873758475183
25,-0.21162441094770498,-0.43755265203710747,202.1125,8.375,0.8432573919414698,0.9131652661064426,0.276811398765775
90,-0.3791531875631291,-0.3926978010769695,51.67500000000001,9.25,0.9710534279813323,0.9033613445378151,0.2756409459697622
135,-0.3591307091334759,0.020956487115397722,211.025,36.75,0.8356862599351198,0.5952380952380952,0.2731875332887842
124,-0.32265934211667124,-0.460703239349882,65.3375,8.25,0.9594471905578533,0.9145658263305322,0.27266260885545807
140,-0.09556649288561278,-0.22864615245341707,222.125,38.125,0.8262568556971972,0.5798319327731092,0.2704690357828191
22,-0.4728720957192102,-0.3554579471003621,74.1,6.25,0.9520034829330969,0.9369747899159664,0.26516205750737276
230,-0.18465494773766067,0.6145485136773855,770.125,66.875,0.3607331149421016,0.25770308123249297,0.2620824405285799
118,-0.09761092029338388,0.1957500586363452,577.09375,52.125,0.5247123660052988,0.4229691876750701,0.26145517300583254
216,0.28354192937424644,0.2273704365335781,845.625,68.875,0.29659617620668244,0.23529411764705888,0.26070066494039146
175,0.13655220783841726,0.11067707170098762,717.6,55.875,0.40535288589677565,0.38095238095238093,0.25838363659714036
259,0.15138114299234054,0.15596995459467594,720.0625,62.375,0.40326100229894823,0.3081232492997199,0.2546838372964212
224,-0.08291868237097941,-0.3088988028763958,216.78750000000002,38.5,0.8307910399422342,0.5756302521008403,0.2536509516989248
93,0.2724455974723064,0.19396987420446113,811.1875,70.625,0.3258506904808678,0.21568627450980393,0.2519881091668598
153,0.2520186531095033,0.13894113510026063,841.7125,63.25,0.29991982882658075,0.2983193277310925,0.2472997361918593
112,0.11464394122850695,0.1542386441240427,707.0749999999999,62.875,0.4142938300052563,0.3025210084033614,0.24642435594029183
152,0.33793452251412637,-0.02137692972033474,745.1375,64.625,0.3819598931758934,0.28291316526610644,0.24535766280894786
100,-0.03947064089462892,0.3081565743389234,727.8249999999999,62.0,0.39666679055148224,0.3123249299719888,0.24441941349194138
72,0.15091403798398345,0.41517327682330984,963.0625,71.25,0.19683350411740042,0.20868347338935578,0.2429010730785124
36,0.11913065142035914,0.11186443625325297,769.38125,56.625,0.36136492750083626,0.37254901960784315,0.24122725869557288
56,-0.17685858387566258,-0.04423033025453107,466.0625,40.0,0.6190329551306897,0.5588235294117647,0.23919189260306517
48,0.17391885208447805,-0.15158991140696282,613.9125,51.25,0.4934349896733158,0.4327731092436975,0.23713425989863213
190,-0.20094186478889164,0.18152129832381236,572.075,51.5,0.5289757734394496,0.42997198879551823,0.23488179894247213
196,0.18026194858585226,-0.16731919821861901,615.5375,54.125,0.492054558872719,0.4005602240896359,0.22638938333239703
10,0.01698177796731376,0.06819695590500857,655.70625,58.0,0.4579313713518135,0.3571428571428571,0.22506324059174823
183,0.0745692202393286,-0.13565523254290401,577.425,51.125,0.5244309704959464,0.4341736694677871,0.22437965691503953
266,-0.36582735459129373,-0.5879085467830308,96.55000000000001,8.125,0.9329323004879292,0.9159663865546218,0.22379069641705662
270,0.32493719857194675,-0.1769322106805905,704.04375,60.5,0.4168688643832925,0.3291316526610645,0.22350137623392832
160,0.08766416145062782,-0.016271782538269816,649.9000000000001,58.875,0.46286375678933034,0.3473389355742297,0.22039876781897952
177,-0.2117168985371899,-0.31382295723042397,223.3,38.0,0.8252586980413811,0.5812324929971988,0.2202378338177415
54,-0.1715653669944626,-0.6809666745956688,216.65,10.25,0.8309078456253617,0.892156862745098,0.21763316669508206
207,0.1754181273362268,-0.17822509000580966,614.9375,56.25,0.4925642563990932,0.37675070028011204,0.21662699850240558
262,0.13664767733029867,-0.34976226636225694,522.575,44.625,0.5710258193653204,0.5070028011204482,0.21622850786345257
106,0.033898821995908615,0.03383298356745037,685.70625,62.375,0.43244649503310384,0.3081232492997199,0.2020753874740457
15,-0.19230304347911523,-0.03619746911342092,556.625,47.25,0.5421004847435851,0.4775910364145658,0.1977977521414037
79,0.10196421988231766,0.014443916181244298,775.4937500000001,61.625,0.3561723839508991,0.3165266106442577,0.19727678266467968
109,-0.14730256891540916,0.08442129338129793,645.3375,55.875,0.4667395817294675,0.38095238095238093,0.1962026717869343
199,0.18828836692925927,0.2596327760082459,994.175,75.125,0.17040356363520537,0.165266106442577,0.1958977032538219
104,-0.396804213038478,0.26766811594011397,615.1125,53.125,0.4924155946205674,0.4117647058823529,0.19376105085113907
32,-0.17079518164854687,-0.03584685471769454,590.0249999999999,48.625,0.5137273224420884,0.46218487394957986,0.1923175400063567
217,0.2869987533888499,-0.07424085037900144,912.5625,64.0,0.23973304592056155,0.2899159663865546,0.18560172882924114
122,-0.14877728406648444,-0.03408485762923172,602.8375,53.5,0.5028431565143061,0.40756302521008403,0.1818860100071685
186,-0.4846943549253605,-0.6443558646033201,85.2875,10.125,0.9424997478059114,0.8935574229691877,0.17675173781160466
40,0.045116676455430285,0.41865943219353013,1036.025,80.375,0.13485216117060528,0.10644257703081228,0.1762677117125945
241,-0.16955375505531117,-0.16033606821793617,541.7,47.125,0.554779210712143,0.4789915966386554,0.17597024601938777
61,-0.4471285171159094,-0.3320778360912659,193.57500000000002,35.375,0.8505099629938359,0.6106442577030813,0.17048696687243545
209,-0.15361218132665935,-0.12894641181903543,583.7875,51.0,0.5190260529766867,0.43557422969187676,0.16801042238071717
107,-0.0669680721825124,-0.29745987191380674,537.4625,47.25,0.5583789494921608,0.4775910364145658,0.16788551045260186
137,-0.18793332030733706,0.13445334993954536,703.31875,63.125,0.4174847488943281,0.2997198879551821,0.16593116662042962
203,0.21402512658616912,0.14715142985063584,1016.5875000000001,76.5,0.1513642372854359,0.14985994397759106,0.16560018442495797
9,-0.43192126652507606,-0.7001305873678667,105.4875,13.125,0.925339931084647,0.8599439775910365,0.16330801369568518
130,0.2644563807271966,-0.024436966481547247,930.00625,73.625,0.22491465221107854,0.18207282913165268,0.16175172389709513
101,-0.17766202385582644,-0.09090909090909094,604.2,54.25,0.501685718381498,0.39915966386554624,0.15806856687053172
169,-0.6336582423113967,-0.6126755753785835,70.2875,8.0,0.9552421859652662,0.9173669467787114,0.1565688287634994
210,0.18113391981848825,-0.10242857108561863,878.1375,65.375,0.2689769414962808,0.27450980392156865,0.15554802353767977
110,-0.14047846674133016,-0.2414141079474554,543.0375,50.0,0.5536430099762673,0.4467787114845938,0.15463228669301887
158,-0.4984042662138538,-0.3333333333333333,212.65,37.0,0.834305829134523,0.592436974789916,0.14875130109431295
166,0.0024804801715593494,-0.006806975005112764,773.5875000000001,68.5,0.35779173546698373,0.23949579831932777,0.14824025973818952
123,-0.0188784485315887,0.16825577520097565,922.4625,71.25,0.23132303673538746,0.20868347338935578,0.14734595919853255
194,0.04898795412050888,-0.06458919480856823,842.01875,65.375,0.29965967071416066,0.27450980392156865,0.1396420584869175
58,0.13177838131164435,0.19963885774957926,1053.34375,81.0,0.12013995444578351,0.09943977591036413,0.13774924235434283
78,-0.2097691821186851,-0.2809455658954546,533.0,47.375,0.5621698248445688,0.47619047619047616,0.1369113882552263
13,-0.2504111642157207,-0.04524777220084527,631.0875,58.25,0.4788448979808545,0.35434173669467783,0.1343819245647416
94,-0.19328339186894689,0.01887270167664304,738.91875,63.875,0.38724269566279257,0.2913165266106442,0.12603713302028324
116,-0.08437481929258141,-0.33769670427974435,604.25,52.875,0.5016432435876335,0.4145658263305322,0.12353438658645997
91,-0.2401774637059193,-0.23652495839563303,651.3375,47.5,0.4616426064657255,0.47478991596638653,0.11493252508263993
242,-0.6422534575506736,-0.6148573012142887,244.3375,9.0,0.8073874285228859,0.9061624649859944,0.11410978368597949
97,-0.21857349343839644,-0.19836783255726204,635.76875,55.875,0.47486819540528924,0.38095238095238093,0.10971981259050292
154,-0.0943832698957937,-0.08391595036479561,807.4562500000001,64.875,0.32902037197300726,0.2801120448179272,0.10770829913258628
223,-0.14086758105472721,-0.08234571700169455,712.475,68.25,0.40970655226788855,0.24229691876750703,0.10719754324474345
156,-0.1424724590613285,0.010910082779885213,790.525,71.375,0.3434033990453791,0.20728291316526615,0.10478098398230049
129,-0.44464832122775816,-0.1289347405050277,573.0875,48.75,0.5281156588636932,0.4607843137254902,0.10382922771409939
165,0.35229735581764465,-0.17681305040145243,1067.6625000000001,78.875,0.10797623535283263,0.12324929971988796,0.1016774601222282
225,-0.29857550894410645,-0.1802881278401933,617.425,55.0,0.4904511354043336,0.39075630252100846,0.10058595028526057
261,-0.18099764669099144,0.13290759243626674,916.875,71.125,0.2360695949497471,0.2100840336134454,0.09951589357711696
208,-0.27662613496295524,-0.45494365083770155,491.53125,42.625,0.5973973570059519,0.5294117647058824,0.09880983397779436
133,0.10682038538783603,-0.38286196270891526,729.275,67.0,0.39543502152941123,0.25630252100840334,0.09392399130418383
244,-0.6749150138529074,-0.4220635637221749,218.175,38.875,0.829612364412494,0.5714285714285714,0.07601558956649573
65,-0.1419220623310487,-0.1126097439324291,862.8874999999999,65.25,0.28193175362495826,0.2759103641456583,0.07582757787678468
258,-0.6095119610815017,-0.4932200252078106,213.45,39.0,0.8336262324326907,0.5700280112044818,0.07523056433696504
267,-0.4695686893074901,-0.6517265337144674,219.0125,37.5,0.8289009116152634,0.5868347338935574,0.07361010562171583
49,-0.19872723766533001,-0.2292032134600841,827.1750000000001,61.0,0.3122693751426887,0.32352941176470584,0.05196708394549511
238,-0.2203511364135199,-0.03465704874481707,914.575,70.25,0.2380234354675148,0.21988795518207283,0.05072580137281267
180,-0.4195712057604029,-0.21195849926306945,646.4124999999999,57.625,0.46582637366138047,0.3613445378151261,0.048910301613258544
155,-0.3084433163661213,-0.34343434343434337,658.2375,56.0,0.4557810849124224,0.3795518207282913,0.04586381146006224
125,-0.07153702114088768,-0.2982474321968187,873.6937499999999,66.875,0.2727518888009898,0.25770308123249297,0.04016762917394409
226,0.18755452524064817,-0.02783202228147709,1194.76875,89.875,0.0,0.0,0.039930625739792766
201,-0.3830118859806329,0.08921439936243653,925.075,72.25,0.2291037287559664,0.19747899159663862,0.03319630843360216
7,-0.1852679144337287,-0.3425284034388504,800.7375000000001,61.25,0.33472792239855165,0.3207282913165266,0.03191497396062479
231,-0.18721341163888078,-0.3031448341725457,860.4000000000001,66.0,0.28404487461971784,0.2675070028011205,0.01529840790235297
67,-0.31600823891517227,-0.5318809681921509,598.8625,55.875,0.5062199026265352,0.38095238095238093,0.009820769117898226
114,-0.3665321132943202,-0.3744291017607272,691.69375,61.5,0.42736013846782805,0.3179271708683473,0.0010815235702819892
80,-0.3601453493552881,-0.3575512643472615,743.0,59.875,0.3837756906136015,0.33613445378151263,0.0005533826731411451
24,-0.6451897297740586,-0.434633250186025,516.0375,45.25,0.5765793986631058,0.5,-0.0008108953242444428
95,-0.2909831578830388,-0.20156963439972284,895.7687500000001,69.5,0.2539992673098058,0.2282913165266106,-0.0025655521115862945
172,-0.4992445925975236,-0.4037573910365493,637.225,53.0,0.4736311170339852,0.41316526610644255,-0.004051400123411264
147,-0.5390671655301772,-0.4767312946227962,580.38125,49.5,0.5219196483087067,0.45238095238095233,-0.010374464865828548
4,-0.09412535649278286,-0.3020461348000616,1009.5500000000001,74.5,0.15734256452186657,0.17226890756302526,-0.016640004801988156
269,-0.3158419312786785,-0.4927081733363359,710.7125,63.125,0.4112037887516128,0.2997198879551821,-0.02440660697705485
55,-0.5100538614513105,-0.4186552892357223,661.7874999999999,58.875,0.4527653745480418,0.3473389355742297,-0.03215121014119035
179,-0.47205078390056954,-0.39220504715665916,728.0875000000001,59.875,0.3964437978836933,0.33613445378151263,-0.032919394848005684
227,-0.37789419505505395,-0.5854603284199765,650.8625,57.5,0.4620461170074385,0.36274509803921573,-0.03464082710709407
138,-0.4681343613441367,-0.5433956377438315,642.2,58.0,0.4694048750444658,0.3571428571428571,-0.046245566725161336
19,-0.6579631333787734,-0.6442443679814406,531.5875,44.5,0.5633697377712414,0.5084033613445378,-0.05760860056110867
102,-0.4179630831386516,-0.6626067619836971,640.675,57.875,0.47070035625733364,0.3585434173669467,-0.06283151787451707
247,-0.6199905169021502,-0.5934717134411865,621.775,55.625,0.4867558283381207,0.3837535014005602,-0.08573822515116394
75,-0.5857034870418927,-0.5824139538374904,879.6125,62.75,0.26772393507727765,0.303921568627451,-0.1491179842936636
155,0.8415892003734092,0.6461184747064068,31.15625,2.75,1.0,1.0,0.871926918769954
147,0.5736643176112506,0.728606259947927,71.95000000000002,8.25,0.9509476785258,0.9416445623342176,0.7987157046047988
109,0.6749755872945779,0.40425496319921206,34.50625000000002,4.875,0.9959718026183283,0.9774535809018567,0.7631639835034938
229,0.4188936077250923,0.5750039292069411,50.83124999999998,4.25,0.9763418556763013,0.9840848806366048,0.7385810683112348
172,0.5438562078067378,0.4587274321008335,60.40625,7.25,0.9648284258465978,0.9522546419098143,0.7299166769159959
114,0.5621610144529164,0.3601598564122973,66.01250000000002,7.0,0.9580872074671958,0.9549071618037135,0.7088288100340308
138,0.5352048606193165,0.3975367356731375,77.83125,8.25,0.9438757872270069,0.9416445623342176,0.7045654864634197
232,0.5428062431239131,0.30927383791358193,60.443749999999966,6.0,0.9647833340848627,0.9655172413793104,0.6955951641254171
222,0.5563998073622064,0.2890191442497011,53.08124999999998,9.0,0.9736363499721934,0.9336870026525199,0.6881855760591552
247,0.5716779090376056,0.21152212778361518,53.743750000000034,5.375,0.972839728848206,0.9721485411140584,0.6820470766958713
166,0.5828872469059291,0.35029476447464725,136.20625,11.0,0.8736829447926531,0.9124668435013262,0.679832949918639
225,0.3734829109339575,0.36128638867826307,49.143750000000026,5.0,0.9783709849543821,0.9761273209549072,0.6723169013803775
223,0.5217083747619597,0.2284833929022394,75.09374999999999,11.25,0.9471674858336715,0.9098143236074271,0.6517933942763244
168,0.23604897406273134,0.540929119489262,127.8875,8.75,0.8836858006042296,0.9363395225464191,0.6492508541756605
178,0.5191374331165798,0.1353319704909417,76.08124999999998,5.75,0.9459800694413131,0.9681697612732095,0.642154808580511
231,0.5813323700413772,0.2608982708795997,223.01875,9.0,0.7692955163758248,0.9336870026525199,0.6363032899873304
62,0.4519945400277377,0.14469249924612534,60.918749999999974,5.25,0.9642121717695511,0.9734748010610079,0.6335935030261055
260,0.7363784788773063,0.7722886268210599,440.64375,52.625,0.5076129924396147,0.4708222811671088,0.6217755948262724
106,0.5581071425150692,0.051773958325345204,78.47500000000001,9.625,0.9431017119838871,0.9270557029177718,0.6200096289355184
56,0.4102477459312571,0.3920194050285697,171.31875000000002,17.5,0.8314620252213254,0.8435013262599469,0.6193076256102747
78,0.32857226695768316,0.31196698420128854,110.06875000000002,10.125,0.9051119027220393,0.9217506631299734,0.6168504542527461
128,0.6524953913313245,-0.09424719111225088,114.78124999999997,9.25,0.8994453713306579,0.9310344827586207,0.597182013577088
262,0.10926152309880013,0.49113218704377903,125.66875,12.875,0.8863537298402249,0.8925729442970822,0.5948300960699715
201,0.5621034810911311,0.2431410766080081,287.69375,14.75,0.691527257969969,0.8726790450928382,0.5923627151904866
57,-0.15242023230450608,0.5814167821701698,69.86874999999999,4.375,0.9534502713020998,0.9827586206896551,0.5913013604643547
79,0.6129060376281855,-0.0810452305341634,138.11249999999995,8.125,0.8713907802377839,0.9429708222811671,0.5865556024032432
269,0.6817754110632201,-0.23696569541138252,80.48125000000002,7.375,0.9406893027310577,0.9509283819628647,0.5841068500864399
181,0.47521974855244337,0.2853033971432112,304.80000000000007,14.875,0.6709578993251266,0.8713527851458887,0.5757084575416674
75,0.40572632099081507,0.20639630545495558,242.23124999999996,8.25,0.7461935037801928,0.9416445623342176,0.5749901731400453
112,-0.04361170650600646,0.4505099652253765,82.04374999999997,7.125,0.9388104793254273,0.9535809018567639,0.5748224099753904
13,0.3933166783718521,-0.0124352598679658,69.89375000000003,7.5,0.9534202101276097,0.9496021220159151,0.5709759376618527
271,0.4095852274598502,-0.024828958952663488,81.56875000000001,8.25,0.9393816416407389,0.9416445623342176,0.5664456181205357
213,0.42925310035096315,0.10594428388803934,161.79375000000005,14.625,0.8429153327020487,0.8740053050397878,0.5630295054952097
137,0.3486066389201898,0.024984092833575527,95.58750000000002,9.375,0.9225248380454224,0.9297082228116711,0.5564559481527147
179,0.19203780413627602,0.12623645534306893,114.35625000000002,8.125,0.8999564112969893,0.9429708222811671,0.5403003732643753
101,0.24833717411984557,-0.034977842239745344,59.91875000000002,6.25,0.9654146187491545,0.9628647214854111,0.5354096680286664
194,0.30426361577467453,0.11511905381026105,204.63749999999993,10.125,0.7913979949196617,0.9217506631299734,0.5331328319086427
49,0.46337667412835226,-0.09448647027186906,189.79375,8.75,0.8092468172731508,0.9363395225464191,0.5286191359190133
80,0.21674852943885972,0.07222429666544394,122.21875,10.125,0.8905021719198569,0.9217506631299734,0.5253064152885335
58,0.5540359496656371,0.227133148662854,415.9625,23.5,0.5372908869549533,0.7798408488063661,0.5245752085224527
190,0.1364697557116159,0.049011548558010314,78.74375000000003,8.75,0.9427785543581187,0.9363395225464191,0.516149845293541
241,0.07293059519511705,0.14137361950742292,96.28125000000001,10.375,0.9216906404533225,0.9190981432360743,0.5137732495979842
207,0.35537353564502105,-0.21257698167531788,62.806250000000006,8.5,0.9619425530955494,0.9389920424403183,0.5109327873763927
25,0.6018270330152963,0.4593057839016766,435.26874999999995,54.375,0.5140761449549835,0.45225464190981435,0.5068659009454427
7,0.13987012405687746,0.07413184633459244,163.35625000000005,7.0,0.8410365092964182,0.9549071618037135,0.5024864103729003
227,0.07953833684921836,-0.021799309263497185,81.98125000000002,6.0,0.9388856322616524,0.9655172413793104,0.49053547530667096
22,0.7225060660362913,0.4623031164910725,586.03125,56.75,0.33279223219251175,0.42705570291777184,0.48616427940941187
36,0.018687731662015344,0.08414977887664754,134.05,7.125,0.876275721092423,0.9535809018567639,0.48317353337196245
32,0.2238280111258346,-0.10039984486007925,109.80624999999999,12.375,0.9054275450541853,0.8978779840848806,0.48168342385120533
176,0.5358308044907044,0.710471143391525,664.09375,58.875,0.2389262148472141,0.4045092838196287,0.47243436163726804
219,-0.04787234657823916,0.024149708434696052,76.68125,8.25,0.945258601253551,0.9416445623342176,0.4657951313610563
157,0.21704638923019864,-0.23981780767296418,73.43125000000002,9.0,0.9491665539372623,0.9336870026525199,0.4650205345367542
123,-0.016515129308886947,0.2934765015171682,285.08125,13.75,0.694668650704183,0.883289124668435,0.4637297868952248
160,0.3162018072550776,-0.3772053836719123,52.63124999999998,8.375,0.974177451113015,0.9403183023872679,0.46337304427086207
10,0.1476814312373632,-0.22959305261934004,51.07500000000002,7.0,0.9760487592250229,0.9549071618037135,0.4622610749116899
212,0.2736966400352928,-0.09640068746873762,174.83125,18.0,0.8272384302054681,0.8381962864721485,0.4606826673110429
184,-0.0758839669542381,-0.009352789748587054,70.31874999999998,6.875,0.9529091701612782,0.9562334217506632,0.45597645880227905
208,0.3175546018037036,-0.2595604508054364,145.85000000000002,14.875,0.8620868467331019,0.8713527851458887,0.44785844571931444
74,0.5055797153118251,0.7014389520319214,696.65625,60.75,0.19977153507387535,0.3846153846153846,0.44785139675825164
65,0.11683403415816282,-0.01320954403572952,225.50625000000002,10.5,0.7663044295140611,0.9177718832891246,0.44692520073140474
230,-0.18003311908650896,0.14098753891200297,132.74374999999998,9.625,0.8778464174595302,0.9270557029177718,0.44146413505069904
6,0.6837792154727477,0.37454966739317314,648.78125,57.375,0.2573386842223926,0.4204244031830239,0.4340229925678343
55,0.020828207853602815,-0.14994171765938802,100.15625000000004,8.625,0.9170311584073589,0.9376657824933687,0.4313958577737356
93,-0.013505638679757417,0.024617905568924653,173.80625,13.875,0.8284709383595616,0.8819628647214854,0.4303865174925536
153,0.11481492783086951,-0.12091797271035054,204.33125,9.25,0.7917662443071651,0.9310344827586207,0.4291744205465762
1,0.47835454519251513,0.5590618943837813,677.59375,54.375,0.22269318062256693,0.45225464190981435,0.4280910655271694
59,0.183637612911065,-0.19913987929556048,202.30624999999998,10.75,0.7942011994408622,0.9151193633952255,0.42345457411289805
91,0.055173947093773074,-0.2606898579019528,55.93124999999999,10.0,0.9702093760803234,0.9230769230769231,0.42194259708726667
3,-0.08110367508512714,0.02647516911068279,211.35000000000002,8.5,0.783326569569073,0.9389920424403183,0.41692252650873673
28,0.12922085012178186,-0.33460518788807414,80.0625,9.625,0.9411928274037666,0.9270557029177718,0.4157160481388116
64,0.43120932147082375,0.3289757273806192,473.74375,57.5,0.467811997414739,0.4190981432360743,0.4117737973755641
71,-0.11980002709281011,-0.08141389914149078,109.80624999999999,8.5,0.9054275450541853,0.9389920424403183,0.41080141531505066
183,0.11869296703134387,-0.353892496164924,90.05625,9.875,0.9291758729013543,0.9244031830238727,0.4045948816979117
228,0.4819366946109823,0.3682154805401859,533.5562500000001,62.125,0.395890637447205,0.37002652519893897,0.404017334449328
70,-0.17589676912303345,-0.05930121616073589,104.41875,10.0,0.911905728156799,0.9230769230769231,0.3999461664874882
202,0.22612936020920882,0.2750128557563879,381.26875,48.25,0.579008281853572,0.5172413793103448,0.39934796928237837
144,-0.05717135368597168,-0.05567915052416772,158.60625000000002,15.875,0.8467481324495347,0.8607427055702918,0.39866008345242177
209,-0.25659027376656995,0.003100808734366356,112.20625000000003,10.75,0.9025416723031369,0.9151193633952255,0.3910428926665397
40,0.2054678443984704,0.001664068587664408,398.64375,22.875,0.5581157655829614,0.786472148541114,0.3879299567775526
5,0.06726345694160547,-0.39102187384856935,80.29375,9.0,0.9409147615397333,0.9336870026525199,0.38771083682132235
102,-0.2531061882824249,-0.10022925407160956,83.39375000000001,6.375,0.9371871759029625,0.9615384615384616,0.3863475487718474
246,0.14577786655815092,0.27109985927672253,371.83125,47.875,0.59035637522358,0.5212201591511936,0.3821135650524118
188,0.5563136851955685,0.2900209467136991,635.43125,60.5,0.2733913514000993,0.38726790450928383,0.37674847195466266
116,-0.11340598833019663,-0.2614859815694214,69.71875,9.875,0.9536306383490403,0.9244031830238727,0.3757854628683237
24,0.05559124120596219,-0.3420569982859773,128.50625000000002,13.25,0.8829417865356,0.8885941644562334,0.37126754847795457
203,0.21144259145805513,-0.13725438663115985,379.20624999999995,19.0,0.5814883287490042,0.8275862068965517,0.3708156851181128
217,0.14873190526822475,-0.2777117026766615,275.18125,12.0,0.7065728758022576,0.9018567639257294,0.3698624605798876
97,-0.01844151729796903,-0.4195333386805439,66.48750000000003,10.375,0.957516045151884,0.9190981432360743,0.3596598331023614
104,-0.34786348734027206,-0.09737551414493743,80.98125000000002,8.375,0.9400880792412559,0.9403183023872679,0.35879184503582856
237,0.31529188022733334,-0.12386795737466529,467.59375,25.875,0.47520704633930055,0.7546419098143236,0.3553182197515731
67,-0.22336438793095365,-0.2416727583466996,91.08125000000003,8.875,0.9279433647472607,0.9350132625994695,0.34947987026726923
100,-0.05586754370553275,-0.3729065908206078,111.54374999999996,10.25,0.9033382934271242,0.9204244031830239,0.34874714052100186
45,0.06235033331425882,-0.41472495250322916,126.99375,15.75,0.8847604875922502,0.8620689655172413,0.3486137084801303
255,0.5352547986551118,0.1691803064125466,647.59375,57.125,0.2587665900106717,0.42307692307692313,0.34656965453881333
199,0.026225195415128886,-0.10038502009919337,356.79374999999993,17.625,0.6084381716793676,0.8421750663129973,0.34411335332707516
69,-0.032577855430354005,-0.4426877756141853,93.375,12.0,0.9251852519877952,0.9018567639257294,0.3379440962172463
81,-0.07918086098625965,-0.16383818621849383,297.39375,14.0,0.679863522267815,0.8806366047745358,0.32937026995939933
26,0.11832052456817035,-0.3237581064199078,315.01874999999995,15.75,0.6586703942523036,0.8620689655172413,0.32882544447945183
130,-0.08022990614699128,-0.12046666051333939,292.625,19.125,0.6855976913017992,0.8262599469496021,0.32779026789776766
119,-0.24323884866605713,-0.2973479178411149,118.15625,7.125,0.8953871127744961,0.9535809018567639,0.327095312031022
226,0.40628777014831524,-0.16174364738504782,557.3874999999999,32.375,0.36723482286452946,0.6856763925729443,0.3243638345501853
236,-0.47728555038918746,-0.11157761311290865,93.59374999999996,8.25,0.9249222167110069,0.9416445623342176,0.31942590388578207
125,-0.10982235249155604,-0.24142485686597281,236.3125,14.875,0.7533104868407209,0.8713527851458887,0.3183540156572702
169,0.40572305089899285,0.08862058865304895,591.14375,54.5,0.32664472200928896,0.45092838196286467,0.31797918588104884
240,0.3836916520695088,0.00739281870312869,498.04375,59.0,0.43859253581037416,0.403183023872679,0.3082150076139227
196,-0.42882424826401266,-0.2067282186766023,104.05625,8.625,0.9123416151869054,0.9376657824933687,0.30361373268491476
95,-0.36599570748801735,-0.05208929972860506,258.38750000000005,12.0,0.7267664697659737,0.9018567639257294,0.3026345566187702
257,-0.10428681707857662,-0.48001185593947215,121.61874999999999,12.75,0.891223640107619,0.8938992042440318,0.30020604283340047
210,0.06952181217197398,-0.5377827611246584,240.75625000000002,12.875,0.7479671130751078,0.8925729442970822,0.29306977710487636
259,0.22419577967788723,-0.8774779015731673,100.13125000000001,11.375,0.917061219581849,0.9084880636604774,0.29306679033676164
73,0.09521889084305898,0.23574304991912237,554.0562500000001,52.875,0.37124047436533336,0.46816976127320953,0.29259304410018105
19,-0.0428545228543339,-0.4983911030393551,143.44375000000002,17.25,0.8649802347777727,0.8461538461538461,0.29247211375948245
216,0.13298708200064518,-0.6459912442596949,208.24374999999998,12.625,0.7870616704994664,0.8952254641909815,0.2923207431078495
171,0.07921157982583744,0.20800468313858891,487.48125000000005,56.875,0.45129338203243596,0.42572944297082227,0.2910597719919211
162,-0.3797390884560549,-0.2944429277927232,107.38125000000002,11.125,0.9083434789797237,0.9111405835543767,0.28632551157133057
122,-0.33971294052428075,-0.3906987162088106,81.65625000000001,8.75,0.9392764275300236,0.9363395225464191,0.2863010733358378
242,0.310239191260937,-0.24396301720324734,393.04375,48.75,0.5648494686687409,0.5119363395225465,0.2857654955622443
220,0.01585919427344172,0.37452684881145804,630.1937499999999,53.5,0.27968916745577266,0.46153846153846156,0.28290341801978347
33,-0.2931690415768946,-0.4365517771130695,96.74374999999999,8.875,0.9211345087252559,0.9350132625994695,0.2816067381586903
30,-0.5447674424312869,-0.25534920538749184,86.19375000000001,7.5,0.9338203243600728,0.9496021220159151,0.27082644963930225
99,0.4305078887825488,0.640103148910897,862.79375,95.875,0.0,0.011936339522546469,0.2706368443039981
134,0.25924740940916263,-0.12616822429906543,453.9,54.5,0.4916730546662459,0.45092838196286467,0.26892015543480197
89,0.34801278094302246,0.09718924535546228,686.95625,57.625,0.2114352707760293,0.4177718832891246,0.26860229509090966
221,-0.28412410310458913,-0.48537256738027934,97.84375000000001,10.0,0.919811817047692,0.9230769230769231,0.26834801740993663
126,0.18020135565008932,0.02004294786123395,487.08124999999995,58.125,0.45177436082427747,0.41246684350132623,0.26612137695923177
105,-0.4364219241547684,-0.3356596953713683,110.31875,9.625,0.9048112909771385,0.9270557029177718,0.26494634359219343
129,-0.5611951398605621,-0.20955293170649714,108.95625000000003,10.25,0.9064496249868482,0.9204244031830239,0.2640314891507032
133,-0.2289252252702629,-0.5227077177674309,114.26875000000001,11.75,0.9000616254077046,0.9045092838196287,0.26323449154740985
46,0.17099981531237318,0.1700311775543176,631.58125,58.0,0.27802077227157274,0.4137931034482759,0.25821121714663486
43,-0.3427195603520576,-0.39280287321025553,147.53125,11.875,0.8600652327486435,0.903183023872679,0.25693145576475235
261,-0.22758644331844602,-0.3261624593824531,279.49375,14.375,0.7013873232027176,0.876657824933687,0.2560740613588764
170,0.3069893614871213,-0.11597019601557562,503.56875,59.875,0.4319490162480648,0.3938992042440318,0.2542168464909106
72,-0.3535709233642793,-0.1620555991556603,325.68125,13.75,0.6458493033322812,0.883289124668435,0.2533779763701941
61,0.5757879163299777,0.3533007207643711,830.95625,92.875,0.038282905713126314,0.04376657824933683,0.252784530264203
113,-0.32863618058301125,-0.5210782319949399,91.58125,9.125,0.927342141257459,0.9323607427055702,0.2524971178462695
165,-0.03162898224563568,-0.28494992111864414,430.28125,21.375,0.5200733492657559,0.8023872679045093,0.25147042845149636
136,0.04168394680969921,0.43449914583193594,723.08125,65.25,0.1679968736378531,0.33687002652519893,0.2452624982011718
251,0.18177785492743354,-0.08001223549342015,480.5375,57.625,0.45964287324705777,0.4177718832891246,0.24479509399254895
148,-0.39979582155082893,-0.3629526927938631,179.85625,10.375,0.8211961341329606,0.9190981432360743,0.2443864407560857
159,0.5780242827840036,0.3697579288054068,853.63125,95.25,0.011017420450617044,0.018567639257294433,0.24434181782433048
180,-0.1525645250337325,-0.7290958310590188,97.53125000000003,8.625,0.9201875817288181,0.9376657824933687,0.2440482520323589
152,-0.15178148067354927,-0.6528520430207518,137.95625,12.125,0.8715786625783469,0.9005305039787799,0.24186891071570643
39,-0.4959178961819538,-0.445868884426109,79.76875000000001,6.125,0.9415460462040252,0.9641909814323607,0.24098756175708075
249,-0.03423178613416721,0.2005403131649024,594.1062499999999,53.875,0.3230824728322137,0.45755968169761274,0.2367376703901404
145,0.2031990127988829,0.013953639304648713,565.73125,62.0,0.3572019058784627,0.37135278514588854,0.2364268357819707
54,0.10644573299549487,-0.22857311200533298,420.73125000000005,51.75,0.5315567179209691,0.480106100795756,0.22238385992672177
124,-0.015467804472209856,0.3170476475225523,702.71875,60.0,0.1924817002600292,0.3925729442970822,0.22165862190186347
18,0.12875540740823604,0.0091348011905234,608.8812499999999,55.5,0.3053163187085721,0.4403183023872679,0.22088120742364986
17,0.009554751891618904,-0.018049358028184057,482.34375,56.75,0.457470953390149,0.42705570291777184,0.21900801254283891
90,0.05019803472639355,0.14047897227918885,630.43125,58.75,0.2794035862981167,0.40583554376657827,0.21897903426756934
60,-0.3619419130273763,-0.48256467534463465,199.56875,10.5,0.7974928980475268,0.9177718832891246,0.2176895482411601
163,0.21800983135851532,0.06291437674760288,667.31875,64.0,0.23504832333799286,0.35013262599469497,0.2165262893597015
132,0.5478513069269856,0.25592663473660016,843.23125,94.5,0.02352286903849332,0.02652519893899208,0.21345650241026778
110,-0.40402472836650893,-0.4966160279056988,146.74375,14.0,0.8610121597450813,0.8806366047745358,0.21025200206185232
191,-0.3935979467958457,-0.6601067295026346,69.89375,8.625,0.9534202101276097,0.9376657824933687,0.20934532908062453
253,0.19587038111247082,-0.24391089828539536,475.69375,57.875,0.46546722580451216,0.4151193633952255,0.20813651800670327
98,0.16302235125088943,0.23329067752625937,756.90625,68.125,0.12732410455276488,0.30636604774535814,0.20750079526881796
94,-0.4637877876839035,-0.5559501872424222,111.4875,8.875,0.9034059310697269,0.9350132625994695,0.2046703046857177
103,0.12044780203691986,-0.11986592786364979,593.9437499999999,53.125,0.3232778704663992,0.4655172413793104,0.1973442465047449
118,-0.31564545717556064,-0.6937767960208521,120.2375,12.625,0.8928845199981963,0.8952254641909815,0.19467193274819125
235,-0.0823772059609188,-0.20848053432645283,399.0,49.5,0.5576873938464776,0.5039787798408488,0.1927021083499887
4,-0.204602982325097,-0.4629821486406863,379.61875,21.0,0.5809923193699178,0.806366047745358,0.17994330903737313
87,-0.07314427141024372,-0.0024870005366786074,544.1687499999999,58.625,0.38312966887616307,0.40716180371352784,0.17866505016069215
234,-0.033947554182554414,-0.13883892222311006,498.26875,57.75,0.43832198523996335,0.41644562334217505,0.17049528304411848
197,0.04484065260752989,-0.20965235300642132,549.58125,52.875,0.37662142459905923,0.46816976127320953,0.16999487136834435
154,-0.7521660488324747,-0.30114011516984773,173.925,11.875,0.8283281477807338,0.903183023872679,0.1695512519127726
187,0.2514215008866033,-0.20012289424482196,635.54375,64.25,0.2732560761148938,0.3474801061007957,0.1680086972143677
48,-0.35023156943068057,-0.8152267809731937,98.23125000000002,11.0,0.9193458688430957,0.9124668435013262,0.1665885904851369
250,-0.6056138442439792,-0.4120047684992732,219.56875000000002,11.875,0.7734439584554569,0.903183023872679,0.16475209239622085
156,-0.48688949169125023,-0.5894302287418418,154.89374999999998,13.875,0.8512122168613128,0.8819628647214854,0.16421384028742653
20,-0.060072325308928184,0.0863229338825461,686.30625,58.125,0.2122168613127715,0.41246684350132623,0.16273357834692892
245,0.19777566729899476,-0.3392603971392538,524.19375,61.0,0.4071485472937427,0.38196286472148544,0.16190667054374228
83,-0.43870939060088276,-0.7554845852412808,93.99375000000002,10.875,0.9244412379191654,0.9137931034482758,0.16101009138131941
272,0.011431808462376146,-0.24720055897603224,486.65,57.125,0.4522929160842315,0.42307692307692313,0.15990027216187463
164,-0.623914559377704,-0.5668055852923062,112.56875000000001,11.25,0.9021057852730306,0.9098143236074271,0.15529999105261189
167,0.05784232256413227,-0.03076136671610985,693.48125,60.5,0.20358930423411636,0.38726790450928383,0.15448454114785565
15,-0.4836586605728661,-0.6615421427565098,126.84375000000001,15.0,0.8849408546391907,0.870026525198939,0.15244164412718844
34,-0.11136407397416351,-0.12735487628739656,517.15625,59.125,0.41561076791270235,0.40185676392572944,0.14468714539421793
63,-0.4277448933952543,-0.7645323899156568,122.04375,14.125,0.8907126001412875,0.8793103448275862,0.14443641541449068
107,-0.470041121907001,-0.7166467099252394,135.23125000000005,13.75,0.8748553305977664,0.883289124668435,0.14286415585849024
198,0.5274296999042171,0.03653920476209346,858.23125,97.0,0.005486164344440936,0.0,0.14236376725268787
12,0.07153074588178843,-0.4621884437579451,457.93125,54.5,0.48682569027971934,0.45092838196286467,0.13677409359160683
143,-0.198742382054214,-0.14777282582315768,489.75000000000006,56.0,0.4485653304474605,0.4350132625994695,0.13426584629238958
175,-0.6275762053664924,-0.5906440622440907,145.26875,14.125,0.8627857690399964,0.8793103448275862,0.13096896156424986
38,0.03574493629653901,-0.28630546957678604,603.01875,53.75,0.31236566412649747,0.4588859416445623,0.13017276812270318
41,-0.1438346236460439,-0.004487961481535796,677.10625,57.0,0.22327937352512361,0.4244031830238727,0.12483999285535416
131,-0.04543097087872499,-0.14112748461866131,667.65625,55.25,0.23464249748237664,0.44297082228116713,0.12276371606653937
263,0.20607216756149088,0.1889690555290785,851.10625,94.75,0.014053599074115852,0.023872679045092826,0.10824187530244452
9,-0.09646475590772224,-0.42487232148227677,533.66875,46.125,0.3957553621619997,0.539787798408488,0.10355152079512217
215,-0.22402535672501822,-0.2537689837704358,499.93125000000003,56.75,0.4363229171363725,0.42705570291777184,0.09639606988967259
200,-0.3827529619884228,-0.31751221991776474,395.00625,48.875,0.5624896664712691,0.5106100795755968,0.09320864103516957
23,-0.7667393796510747,-0.714894522437653,113.60625000000003,9.375,0.900858246531692,0.9297082228116711,0.08723314181365885
84,-0.15330935198466666,-0.5084556431463794,428.61875,51.75,0.5220724173693467,0.480106100795756,0.08510338075851417
238,-0.46519814118270225,-0.766734705558294,277.19374999999997,16.25,0.7041529512558056,0.8567639257294429,0.08224600756106307
141,-0.12751730490163452,-0.2532008644417822,608.60625,62.25,0.30564699162796294,0.3687002652519894,0.0734072718841339
142,-0.3450655673408672,-0.40964985373769913,424.43125,50.375,0.5271076640964363,0.4946949602122016,0.0667718008075179
8,-0.22005592393642795,-0.3433420043944889,507.08124999999995,59.75,0.4277254212322076,0.3952254641909815,0.06488823927306805
270,-0.7470368002204256,-0.8033942738464904,128.1625,10.75,0.8833551276848387,0.9151193633952255,0.062010854253287034
150,-0.11886392803768044,-0.576223711765752,454.41875,54.875,0.49104928529557657,0.44694960212201595,0.06072781190354001
14,0.19739590680475028,-0.021923522857256128,839.4312500000001,94.125,0.028092167560986536,0.0305039787798409,0.058517132572080396
189,-0.2941601215523957,0.12996869249218726,762.4312500000001,70.875,0.12068058499045553,0.2771883289124668,0.05841937121067848
151,-0.24181920875445742,-0.02875584871567749,725.35625,65.125,0.1652613067592551,0.3381962864721485,0.05822063394031718
174,-0.40789834377833967,-0.184713890754496,499.68125,60.75,0.4366235288812734,0.3846153846153846,0.05715666974095557
186,0.06626028409135123,-0.3378188583669297,722.66875,65.875,0.16849288301693943,0.33023872679045096,0.056793258882952974
239,-0.28138098497341446,-0.275353232041468,530.41875,61.0,0.39966331484571105,0.38196286472148544,0.05622299063807851
47,-0.3698227119540202,-0.3989736606736912,495.76250000000005,46.25,0.4413356179825946,0.5384615384615384,0.052750195954105406
265,-0.15413741024970895,-0.2918491994191071,673.03125,57.125,0.22817934496700787,0.42307692307692313,0.05131741459377874
244,-0.03456618326545084,0.16608231840396304,855.5562500000001,96.375,0.00870271001488021,0.006631299734747964,0.03671253622203509
258,0.18700591201121752,-0.08372183582789214,850.83125,96.5,0.014384271993506892,0.0053050397877983935,0.030743346991157668
53,-0.3472838713120276,-0.2196155154647408,655.35625,58.5,0.24943259533149964,0.4084880636604774,0.022755318053802154
51,-0.5107409193157082,0.03565861259280845,710.83125,62.25,0.18272684913799597,0.3687002652519894,0.019086201916771406
139,-0.18696806944946298,0.2007796214996459,850.5562500000001,94.75,0.01471494491289771,0.023872679045092826,0.013099794002043363
248,-0.2882255900811327,-0.6177416893586012,509.26875,47.375,0.4250950684643249,0.5265251989389921,0.01141324699089577
182,-0.262451703616726,-0.5548838276221835,491.28125,58.125,0.44672408350994275,0.41246684350132623,0.010463848943089882
68,-0.1395575715221709,-0.5779264557057372,540.83125,62.25,0.3871428356705897,0.3687002652519894,0.009589768423667738
121,-0.13015585154184864,-0.6548247884448624,574.44375,52.375,0.34672558656866725,0.4734748010610079,0.008804936910741051
82,-0.3581420750008226,-0.4460767565512695,558.33125,55.75,0.36610001352752863,0.43766578249336874,-0.00011325888279870022
140,-0.017073812750493772,-0.01736309990953508,859.50625,95.625,0.00395304444544653,0.01458885941644561,-0.003973752199534178
233,-0.4753062403988497,-0.25451326536690133,641.15625,57.625,0.26650734244186924,0.4177718832891246,-0.011385070008689296
268,-0.4942568030917291,-0.20346021979264053,664.875,58.0,0.2379868031443989,0.4137931034482759,-0.011484279072923709
158,-0.1357200488386848,0.04372230279968167,850.03125,94.5,0.015346229577189674,0.02652519893899208,-0.012531579380705343
266,-0.1879153588536981,-0.3839472767986768,733.9312500000001,63.125,0.15495032390915509,0.3594164456233422,-0.01437396652996939
173,-0.5431089508985876,-0.5396055078513233,425.38750000000005,51.0,0.5259578241721904,0.48806366047745353,-0.017173243525066745
205,-0.2638377871061522,-0.4953655334620606,633.38125,61.0,0.27585636770828637,0.38196286472148544,-0.025346022034610227
21,-0.49228126266629263,-0.5840796543775227,441.51874999999995,53.625,0.5065608513324616,0.4602122015915119,-0.027396966029960446
195,-0.48279096637897817,-0.29321926939704035,654.8875,58.0,0.24999624235318874,0.4137931034482759,-0.028055222493638482
50,-0.4165278902703622,-0.4518674957183457,622.8687500000001,53.625,0.28849709158136805,0.4602122015915119,-0.029921523203956996
16,-0.43549564043984,-0.20536714805510614,735.33125,62.875,0.15326689813771033,0.3620689655172413,-0.031381731209998626
29,-0.37862989465278246,-0.5770393493112591,501.35625,59.875,0.43460943019043763,0.3938992042440318,-0.03179015238239302
37,-0.7406901215537934,-0.3218658978771918,473.78749999999997,55.375,0.4677593903593814,0.44164456233421756,-0.03828801668434653
35,-0.42665867301997623,-0.18951825929593263,753.35625,67.0,0.13159279133035728,0.3183023872679045,-0.04157043842941177
243,-0.490825855585393,-0.6778445522708952,486.49375,46.75,0.4524807984247945,0.53315649867374,-0.04575827768943841
264,-0.5066534802168119,-0.3560553846371209,666.51875,56.0,0.23601028092167575,0.4350132625994695,-0.04792133033319687
204,0.03948959934655452,-0.2867974491280289,842.53125,95.125,0.024364581924215867,0.019893899204244003,-0.05076234216325363
115,-0.4416403254439523,-0.621608137857672,553.13125,55.5,0.3723527378214667,0.4403183023872679,-0.06264435577322244
66,-0.6186886898221906,-0.6008669227544261,468.50625,57.25,0.47410981347041226,0.42175066312997345,-0.08092378399405775
149,-0.6274452193793915,-0.6265369004210263,468.33125,55.5,0.47432024169184295,0.4403183023872679,-0.08483589393032673
2,-0.4535563425479958,-0.42888057338815205,720.64375,62.875,0.1709278381506366,0.3620689655172413,-0.08736002806706747
111,-0.6148213816041626,-0.3795180552958068,679.45625,58.75,0.2204536231230555,0.40583554376657827,-0.09201256750258391
135,-0.3695811552670301,-0.08063139702438009,848.40625,94.25,0.017300205919045353,0.02917771883289122,-0.10093365688486841
267,-0.10710356641597397,-0.3458701609336935,856.39375,95.0,0.0076956606694624785,0.021220159151193685,-0.10601447688225282
96,-0.6283693004832072,-0.640103148910897,496.40625,59.625,0.4405615427394749,0.39655172413793105,-0.10783979562917456
161,-0.0112691087973847,-0.49657344926045344,847.26875,94.25,0.01866798935834435,0.02917771883289122,-0.11499921246665065
108,-0.7745887868070804,-0.3998869259371025,577.7437500000001,64.625,0.34275751153597567,0.343501326259947,-0.12205421873706507
27,-0.7625421442922826,-0.7856305731673499,462.94375,54.875,0.48079842479445667,0.44694960212201595,-0.15510617263578994
214,-0.7833694440853193,-0.48227588551181766,663.68125,59.75,0.23942222422630055,0.3952254641909815,-0.15774941029496373
224,-0.4054697139429968,-0.25837119466440095,854.16875,96.0,0.010371105199080133,0.010610079575596787,-0.1607149309581802
256,-0.8490448147323563,-0.6015972165007419,585.0687499999999,54.625,0.3339495874103803,0.4496021220159151,-0.16677258045170065
127,-0.19546040383032248,-0.6084864272828086,847.91875,94.375,0.017886398821601923,0.02785145888594165,-0.18955224335139687
177,-0.19446186143679955,-0.6037267439068864,860.68125,95.5,0.0025401692444124713,0.01591511936339518,-0.19493332918396958
185,-0.7761591656459479,-0.7462586166137987,653.84375,57.25,0.2512512963881499,0.42175066312997345,-0.21235395568540583
254,-0.7801055456141519,-0.6377471711593782,743.2687500000001,65.125,0.14372247523710746,0.3381962864721485,-0.2339834887660686
146,-0.7181294830653345,-0.26205204032923524,855.88125,95.875,0.008311914746509164,0.011936339522546469,-0.23998331728137853
192,-0.3729821155775799,-0.6519583364980093,846.58125,93.75,0.019494671656821727,0.03448275862068961,-0.24274075544951942
120,-0.8762956598910755,-0.8148224031644035,729.16875,63.375,0.16067697764951672,0.35676392572944293,-0.2934192899191298
52,-0.6283055608944819,-0.6917403218673871,843.9562500000001,95.0,0.022651094978280772,0.021220159151193685,-0.31904365715809857
42,-0.7552850538035372,-0.6759675508701036,856.4937500000001,95.125,0.007575415971501909,0.019893899204244003,-0.3509458223744737
237,0.3534316925626659,0.942231889464804,55.45000000000002,1.625,1.0,1.0,0.8239158955068675
178,0.6147421022723384,0.8738353147551893,390.0625,21.5,0.7370303060071712,0.8348909657320872,0.7651246721916966
69,0.4038617416470645,0.8178527715261931,397.71875,16.25,0.7310133110663588,0.8785046728971962,0.7078081242842031
123,0.4188393551859208,0.5930492225213833,187.3125,12.0,0.8963701557050936,0.9138110072689511,0.7055174351703373
201,0.42648641505709317,0.5237997077491094,177.4,10.25,0.9041603222162189,0.9283489096573209,0.6956988386699355
7,0.6139138275356743,0.22936154331025205,301.73749999999995,21.25,0.8064443243774252,0.8369678089304258,0.6216718760384443
257,0.22752225468245452,0.69737065589437,433.725,21.0,0.7027162434304239,0.8390446521287642,0.6166634515340031
113,0.25948629040703797,0.7285170145372567,445.51250000000005,28.375,0.6934525271378751,0.7777777777777778,0.6148084024649869
203,0.19700865775304494,0.3115716715020479,88.73750000000001,7.5,0.9738395795471291,0.9511941848390446,0.6084035234103167
91,0.7831567113384075,0.18936767388201653,451.13750000000005,35.0,0.6890318777936048,0.7227414330218069,0.5960744240089589
26,0.15995673252417017,0.339705988856673,153.12500000000006,10.25,0.9232378800530477,0.9283489096573209,0.5878123777728029
106,0.5328061839770848,0.2346092222999867,416.76875,20.125,0.7160420452870966,0.8463136033229491,0.5824427637217793
119,-0.013932478152628484,0.761847939433764,368.83750000000003,27.125,0.7537108895328847,0.7881619937694704,0.5724470861458727
213,0.349133074505615,0.22644305589669864,314.9,12.625,0.7961000049118326,0.9086188992731049,0.5700737586468128
223,0.5258861025946755,0.05901247335090736,390.0,14.25,0.7370794243332187,0.8951194184839044,0.5542743546906765
226,0.14883832595052454,0.21742804703129645,150.03124999999994,11.625,0.9256692371923965,0.9169262720664589,0.5522154705601691
128,0.24734617585037227,0.27167494261519454,350.3125,18.0,0.7682695613733483,0.8639667705088265,0.5378143625869354
79,0.5281328092382876,-0.04765832754622404,326.98125000000005,20.875,0.7866054324868608,0.8400830737279336,0.5267907469767145
95,0.04744781323895909,0.25575806219927516,206.70624999999998,13.0,0.8811287391325704,0.9055036344755971,0.5224595622616004
125,0.19566590137438883,0.14064114089498886,228.78125000000003,15.625,0.8637801463726116,0.8836967808930426,0.5209459923837579
36,-0.012187287381708004,0.5027129795993793,333.09375,25.875,0.7818016601994204,0.7985462097611631,0.5177183905445637
157,0.05737850351663408,0.4464029045760223,418.6625,21.0,0.7145537600078589,0.8390446521287642,0.5143449550573198
28,0.2738095255999922,0.3964355679380832,542.65625,31.375,0.6171079129623263,0.7528556593977155,0.5100521664745293
181,-0.21542761202916294,0.3897429341910795,177.76874999999998,10.625,0.9038705240925389,0.9252336448598131,0.5008548727785671
13,0.1374141171199104,0.36885137655871914,471.3875,24.25,0.6731175401542315,0.8120456905503635,0.4978571810958061
250,-0.3582987511670521,0.5567799338364031,245.52499999999998,16.875,0.8506213468245002,0.87331256490135,0.4806037735988003
155,0.5748594870267074,-0.1529200125354602,444.23750000000007,26.5,0.6944545409892431,0.7933541017653167,0.47743702931145177
222,0.2976135773349944,0.19925463374646502,505.025,32.0,0.6466820570754949,0.7476635514018692,0.4728034548897059
238,-0.08097801147989951,0.15134881053503305,190.325,13.25,0.8940026523896065,0.9034267912772586,0.46695006068049966
232,0.2254074111346435,0.10988782545683212,430.71250000000003,22.75,0.7050837467459108,0.8245067497403946,0.46622143326944526
32,0.015956396121494576,0.47515934055854214,512.45,33.875,0.6408467999410579,0.7320872274143302,0.4660124410088562
81,0.10822779608154422,-0.05492938526252167,176.40000000000003,13.75,0.904946215432978,0.8992731048805815,0.46437943278314553
229,0.3056344427565813,0.12066556759161065,497.175,28.75,0.6528513188270543,0.77466251298027,0.46345346053887904
109,0.23247992096018497,0.14319410513550834,457.13750000000005,26.625,0.6843165184930498,0.7923156801661475,0.4630765561887226
153,-0.018638387594238734,0.1656556202857985,260.76250000000005,19.25,0.8386462989341323,0.8535825545171339,0.4598115215357065
62,0.28026292109505946,0.049049491380683,443.42500000000007,24.25,0.6950930792278598,0.8120456905503635,0.45911279556349144
93,0.13643218353659609,-0.026667167001137256,291.2875,13.375,0.8146569084925586,0.9023883696780893,0.45670257367652667
259,0.17765729022105126,0.04435248487394995,382.4125,20.125,0.7430423891153789,0.8463136033229491,0.4528414418833323
57,-0.2645026862985469,0.5686402005298427,460.82500000000005,24.625,0.6814185372562502,0.8089304257528557,0.4486216193101004
60,-0.2452717256454288,0.360734388545188,265.52500000000003,22.75,0.8349034824893167,0.8245067497403946,0.44371822378236764
162,-0.11678209401746541,0.479171488725395,520.6125000000001,28.625,0.6344319465592612,0.7757009345794392,0.4431305689616575
97,0.0693563812619806,0.2324890320670357,466.70625000000007,26.625,0.6767965027751853,0.7923156801661475,0.4427393990675873
39,-0.24085944475218424,0.5834896108625744,495.975,28.875,0.6537943906871653,0.7736240913811008,0.44251216204466404
3,-0.28871604562941217,0.34189907453655055,253.74375,18.0,0.8441622869492608,0.8639667705088265,0.4403280215913064
94,-0.14410002363284713,0.2829681008054384,363.55625000000003,18.625,0.757861388083894,0.8587746625129803,0.43887603194236635
225,0.38062000260715645,-0.07435856160378296,485.05000000000007,27.5,0.6623802740802593,0.7850467289719626,0.43842211101389883
212,0.34596060437768344,0.20804946843552485,639.9250000000001,43.0,0.5406650621346824,0.656282450674974,0.4377393964057162
40,-0.0563008173621197,-0.13901151359956487,74.5,6.625,0.9850287342207378,0.9584631360332295,0.4370448848230707
152,-0.32708104221660894,0.42942823508936323,357.3375,17.875,0.7627486615256152,0.8650051921079959,0.43252526162659133
101,0.0003755212742963393,0.2964295627610459,498.275,28.25,0.6519868362886192,0.778816199376947,0.4319020299252271
168,-0.148846027143886,0.22294253994938024,345.80625,16.75,0.7718109926813694,0.8743509865005192,0.4300646229968457
105,-0.3096239215177652,0.5663172397638445,474.475,27.375,0.6706910948474876,0.7860851505711319,0.4283673909161747
58,0.06531327758153987,-0.194990250731189,157.28125,11.0,0.9199715113708925,0.9221183800623053,0.4281032295708872
190,0.3664892158106936,-0.04450308797243576,530.4000000000001,31.0,0.6267400167002308,0.7559709241952233,0.426174267183428
194,-0.09313854037077153,0.08627832948515042,260.45625000000007,17.125,0.8388869787317648,0.8712357217030114,0.42581562238728876
217,0.10456965495251419,-0.16330726931555556,194.86250000000004,18.5,0.8904366619185617,0.8598130841121495,0.4228780329169175
187,0.5898693374784733,0.647647495731251,1100.6375,89.25,0.17859423350852188,0.2720664589823468,0.4220443814251482
30,-0.19403540435143712,0.42250083491751794,465.15000000000003,28.0,0.6780195490937668,0.7808930425752856,0.4218445055587833
10,0.33120506704933594,-0.15387315832164294,446.76875,24.5,0.6924652487843214,0.8099688473520249,0.4199415012160098
114,0.005755770920280151,0.11355193490693621,410.78125,21.0,0.7207475809224422,0.8390446521287642,0.4197749847196057
191,-0.22594384956875974,0.46806195682795276,494.04999999999995,29.125,0.6553072351294268,0.7715472481827622,0.41724314764284554
56,0.12547974981901072,0.2759367704835462,636.4124999999999,42.5,0.543425512058549,0.6604361370716512,0.4013195423581893
207,-0.10402315367636096,0.2532123248059178,487.5375,26.25,0.6604253647035709,0.7954309449636552,0.4012613701991957
14,0.622809135416216,0.9289853059279983,1304.525,119.125,0.018360430276536,0.023883696780893082,0.39850964210041084
75,0.027274170393319933,-0.16063746855748068,222.86250000000007,20.0,0.8684316518493049,0.8473520249221184,0.3956050946518156
1,0.8233064826865183,0.242805343550097,1142.6875,79.375,0.1455474237437987,0.35410176531671855,0.39144025382428316
253,0.4659382621128773,0.46154106858565297,940.7875,82.875,0.3042192642074757,0.32502596053997923,0.3891811388614963
134,0.4371165302812611,0.4412769960856294,918.9937500000001,79.5,0.3213468245002209,0.3530633437175493,0.3882009236461652
71,-0.20029920768010928,0.167562925823586,385.7875,20.5,0.7403899995088168,0.8431983385254413,0.3877130140444337
137,-0.07327210749057221,0.02668925071495803,399.15625,19.375,0.7298835895672675,0.8525441329179647,0.38396121642740455
210,-0.34929370457248105,0.12425276114309335,224.33750000000003,17.125,0.8672724593545852,0.8712357217030114,0.37836680940705225
167,0.4301938682553161,0.6455325931098469,1158.575,85.5,0.13306154526253733,0.3032191069574247,0.37800177839628124
230,-0.3790944507401647,0.22004772029976838,332.35,15.625,0.782386168279385,0.8836967808930426,0.37675905468300785
199,-0.5241642896242552,0.12153444135862385,108.55000000000004,7.875,0.9582690701900879,0.9480789200415368,0.3759295354914983
78,0.24635612247775873,-0.06495359680577506,569.475,35.125,0.5960312392553662,0.7217030114226376,0.37478419408749686
130,-0.4814873037015204,0.15296142785061345,172.46875,12.125,0.9080357581413625,0.9127725856697819,0.3730706169900594
228,0.5520820633490009,0.3744654795464149,998.6500000000001,87.125,0.258745517952748,0.28971962616822433,0.36875317175409705
188,0.7316545764546752,0.2487124377917774,1100.525,85.5,0.17868264649540722,0.3032191069574247,0.3655671919248211
5,0.038594088721936884,0.02886607019205245,535.8875,33.25,0.6224274276732649,0.7372793354101765,0.3567917304993577
261,-0.6190749519165327,0.22422797717622595,185.60000000000002,11.375,0.8977159978387936,0.9190031152647975,0.3554680345908211
43,-0.3252971683689495,0.08309036993675592,332.8125,15.875,0.7820226926666339,0.881619937694704,0.3553589579822861
41,0.3537312900358235,0.5759508783442124,1142.1999999999998,82.0,0.14593054668696892,0.33229491173416403,0.3519769067002922
216,-0.10943790637546637,-0.23781439637972202,256.85,14.375,0.8417211061447025,0.8940809968847352,0.34713745006856234
33,-0.5494291847831783,0.36400417283232706,414.0,21.375,0.7182179871309986,0.8359293873312565,0.342180590627851
83,-0.2742142863706388,0.2616282536450222,531.05,31.375,0.6262291861093374,0.7528556593977155,0.3416247031953591
46,0.28239212090307464,0.5705092775361398,1096.675,83.0,0.18170833537993014,0.32398753894081,0.33964931818998867
35,0.096092548939518,0.901397130867928,1218.45,92.0,0.08600618890908185,0.24922118380062308,0.33317926312928775
63,-0.47443068802887883,0.1851212796832813,386.15,17.625,0.7401051132177415,0.8670820353063344,0.3294694350446196
59,-0.2980568268831658,-0.09168411849420689,262.7875,17.5,0.837054865170195,0.8681204569055037,0.3288585941745815
166,-0.2980964200614143,-0.07927026739071559,328.88750000000005,14.0,0.7851073235424136,0.897196261682243,0.32623422444313166
148,-0.15743408133895276,0.1374249970828934,624.5250000000001,30.375,0.5527678176727736,0.7611630321910696,0.323480441401946
171,0.47283928972002626,0.1839191375832199,952.575,81.875,0.29495554791492695,0.33333333333333337,0.32126182713787665
248,0.10379350997604578,0.48216364474810014,974.3625,72.375,0.2778328994547865,0.4122533748701973,0.3190108572622824
6,0.211428430007452,0.5426663590365093,1113.875,82.375,0.16819097205167233,0.32917964693665624,0.31286635200807245
72,-0.7284380872564836,0.1331343337475679,150.06250000000003,11.25,0.9256446780293728,0.9200415368639667,0.3125956153461059
179,-0.15499918867362716,-0.1703992707064458,374.3875,22.625,0.7493491821798712,0.8255451713395638,0.31237397353484053
102,0.26556528997167617,-0.5071634580905098,461.80000000000007,24.625,0.68065229136991,0.8089304257528557,0.311996137250983
138,0.09377055459573937,-0.33868624791002716,460.27500000000003,24.5,0.6818507785254677,0.8099688473520249,0.3117259831408012
271,-0.16601941054428085,0.04809599922930972,530.3125,33.25,0.6268087823566972,0.7372793354101765,0.31154117661297565
231,0.10342158458181966,-0.5945696223262629,242.075,16.5,0.8533326784223194,0.8764278296988577,0.30965311759418346
112,-0.1283579465838279,-0.21685563323247897,395.40000000000003,19.625,0.732835600962719,0.8504672897196262,0.30952232771650956
172,-0.05239561376039527,-0.15673117806566125,465.25000000000006,29.5,0.6779409597720909,0.7684319833852544,0.30931153783282217
21,-0.04179257985154357,0.5875614273645666,906.6125000000001,78.625,0.33107716489022043,0.36033229491173413,0.3092945768287444
160,0.039151255438049024,-0.3202417891178004,452.575,23.625,0.6879021562945133,0.8172377985462098,0.30601235529024295
269,-0.16513244924921688,-0.21415758418482175,391.7625,19.375,0.7356942875386807,0.8525441329179647,0.3022370967556517
145,0.21405477899322312,0.4561227304196529,1030.825,87.0,0.2334594037035217,0.29075804776739356,0.2985987402209478
265,-0.1533028669660795,0.8425725507778702,1138.125,82.125,0.1491330615452624,0.3312564901349948,0.29241480887301197
245,0.23252792897045474,0.3683928082015439,989.2875,86.0,0.26610344319465584,0.2990654205607477,0.29152240023185055
70,-0.22829068855632154,0.010256425241336454,525.7249999999999,31.5,0.6304140674885801,0.7518172377985461,0.29104926049303526
65,-0.2618466146481666,-0.3006603336223439,239.58750000000003,17.25,0.8552875877990078,0.8701973001038421,0.29074448490808485
184,-0.5618907043452024,0.25590576482648003,452.225,28.875,0.6881772189203792,0.7736240913811008,0.2889540926956894
159,0.8956365600044609,0.2190674900159592,1318.7250000000001,120.25,0.00720074659855563,0.014537902388369717,0.2841106747518364
233,-0.05920531065053676,0.6873778404009325,1106.25,82.625,0.17418340782946107,0.3271028037383178,0.2823646853295436
208,0.1071147612939128,-0.23113920483413924,610.94375,39.875,0.5634412299228841,0.6822429906542056,0.2804149442592158
122,-0.26427166470968744,-0.05292445422945817,499.63750000000005,29.0,0.6509160567807848,0.7725856697819314,0.27657640190589267
236,-0.3289635639138918,-0.05332307522369402,455.20000000000005,27.0,0.6858391866005207,0.7892004153686396,0.2731882407078936
221,-0.6499704338233796,0.2542970341504286,459.55000000000007,25.0,0.6824205511076182,0.8058151609553479,0.2731405780975038
4,-0.6198804886070051,-0.12254384742265674,180.05000000000004,12.25,0.902077705191807,0.9117341640706127,0.26784688330818945
53,-0.15136174211131173,0.7350932153305788,1120.45,83.5,0.1630237241514808,0.3198338525441329,0.26664726247872017
144,-0.38450289671215937,0.22044827549791898,623.7,40.875,0.5534161795765999,0.6739356178608515,0.26582429405580277
262,-0.0006810544369736972,-0.23093237617385615,579.9,37.875,0.5878383024706517,0.6988577362409139,0.2637706520251839
150,0.07963964763942699,0.30255389721358933,919.5125,79.875,0.3209391423940271,0.34994807892004154,0.2632701915417712
268,-0.1004887320505312,0.6685987018617813,1129.96875,83.0,0.15554300309445446,0.32398753894081,0.2619101279616286
161,0.5290474561428101,0.4662313475373185,1312.3625000000002,119.25,0.012200992190185889,0.022845275181723745,0.2575812677630096
182,0.07452981401968739,0.334707314416506,956.375,83.125,0.2919691536912421,0.32294911734164067,0.256038849867269
260,0.3027838896181907,0.01874158281974581,905.7375,77.625,0.33176482145488473,0.36863966770508827,0.25548249039947735
24,0.09525220007703042,-0.3681089837544446,586.4375,37.25,0.5827005255660886,0.7040498442367602,0.2534733965313587
165,-0.5753004130205541,-0.3088600539805941,115.51249999999999,8.625,0.9527972886684022,0.9418483904465212,0.25262130302844377
200,0.06717872920800289,0.16365828091324308,860.1000000000001,73.875,0.3676310231347314,0.39979231568016615,0.24956508723403587
49,-0.11272265218737745,-0.5511670779364541,275.3,21.5,0.8272213762954959,0.8348909657320872,0.24955565297593787
154,-0.6202625819499062,-0.08143656346084939,295.01875,17.625,0.8117245444275258,0.8670820353063344,0.24427685858077616
116,-0.060995977755882586,-0.4030944836104139,498.225,29.625,0.6520261309494573,0.7673935617860852,0.2388323078423115
64,0.03331551780317195,0.26379937699200473,938.8375,82.5,0.30575175598015614,0.328141225337487,0.23275196902820497
240,0.29095044550166793,0.035801440902736965,963.1375,84.0,0.28665455081290814,0.31568016614745587,0.23227165084119222
234,0.09584219976054054,0.21100650599279605,963.3625,82.75,0.28647772483913747,0.32606438213914846,0.22984770318290562
27,-0.27548510886686406,0.5304057831118154,928.0375,79.875,0.31423940272115514,0.34994807892004154,0.229777038971537
195,-0.1857549918381729,0.6098642300895591,1119.98125,83.0,0.16339211159683664,0.32398753894081,0.22787222219725822
164,-0.5779710192385181,0.003397138165337779,463.82500000000005,25.75,0.6790608576059727,0.7995846313603323,0.22601790197328117
100,-0.5803859963968595,-0.10804450586295875,374.65000000000003,20.5,0.749142885210472,0.8431983385254413,0.22597768036902377
204,0.3927461178402421,0.46578401036976796,1307.625,120.125,0.01592416130458263,0.015576323987538943,0.2225076533755329
80,-0.1545862556339939,-0.5759984666906106,359.475,22.625,0.7610688147747925,0.8255451713395638,0.21400731594743796
84,-0.400321167111095,0.538631296022325,893.7125,76.75,0.34121518738641377,0.3759086188992731,0.2138584837992292
251,-0.13213635875084345,0.35518800734188344,945.63125,82.625,0.3004125939387985,0.3271028037383178,0.21264176156703907
202,-0.0732431180696533,0.13962561952067423,846.3625000000001,73.25,0.3784272311999606,0.4049844236760125,0.2124485390817485
156,-0.6654496990247891,-0.20116692060678404,311.95000000000005,11.875,0.7984183899012721,0.9148494288681205,0.21166279978445485
246,0.20831904997563538,-0.15637516321834352,836.925,72.875,0.3858440984331254,0.4080996884735203,0.2114719184159844
17,-0.166951840968176,0.3769478910902243,947.4375,81.75,0.2989930743160272,0.3343717549325026,0.21084021984264453
241,-0.3046073406296418,-0.17461639389185912,560.7750000000001,35.375,0.6028685102411708,0.719626168224299,0.21081773598599224
129,-0.21613224233149125,-0.3106557312404607,529.3875,33.75,0.6275357335821994,0.7331256490134994,0.2084683522559367
15,-0.38881755205777063,-0.11742780549151054,545.85,35.25,0.6145979665013016,0.7206645898234683,0.20725429969387218
180,-0.4555828198670714,-0.21195626945253881,456.0625,24.875,0.6851613537010659,0.8068535825545171,0.2061189617339932
219,-0.14859684950788632,-0.43324870155068296,522.6125,31.25,0.6328601601257429,0.7538940809968847,0.20122717251601457
55,-0.10375416961635082,-0.6172084417761753,440.6875,23.625,0.6972444619087381,0.8172377985462098,0.19837991226560545
196,-0.5142812142182791,-0.13270003704640673,486.9375,28.375,0.6608969006336264,0.7777777777777778,0.19792335678667958
270,-0.7377481271549012,-0.045451206645560835,398.4312500000001,22.0,0.7304533621494178,0.8307372793354102,0.1944978269210915
140,0.36879713324920166,0.3713747204537419,1324.6,120.625,0.0025836239500957037,0.011422637590861928,0.1885445288109753
136,0.49786138968951943,-0.12579235254084342,1188.1750000000002,90.25,0.1097991060464657,0.2637590861889927,0.1864068073460336
147,-0.008718550257252579,-0.6291982286679644,522.09375,33.0,0.6332678422319367,0.739356178608515,0.18367681047880868
107,-0.5627864221990029,-0.025899463216929985,565.0125,35.25,0.5995382877351539,0.7206645898234683,0.18287924803567232
104,-0.512368938895925,-0.18982430400410932,487.3625,29.375,0.6605628960165038,0.7694704049844237,0.18196001452522326
103,0.2247700825745641,-0.0756257310158701,1059.0375,78.125,0.21128739132570362,0.36448598130841126,0.18122943104820222
25,0.15311452950184806,-0.12627969008205195,900.3625000000001,79.375,0.33598899749496525,0.35410176531671855,0.17923140055786999
23,-0.7855742672895767,0.05424181336271916,473.38750000000005,28.875,0.6715457537207131,0.7736240913811008,0.1784593477937391
51,0.08121084500793917,0.2115392598254247,1175.9250000000002,87.25,0.11942629795176551,0.288681204569055,0.17521440183854609
124,0.32014338618991534,-0.05670425828060655,1167.8125,85.0,0.12580185667272448,0.3073727933541017,0.17415344448403375
118,-0.7345844460189929,0.03331718625558343,525.3812499999999,30.375,0.6306842182818411,0.7611630321910696,0.17264499767737532
115,-0.40132863462826074,0.48732019671342336,1018.225,80.5,0.24336165823468725,0.3447559709241952,0.16852729781101128
174,-0.27347680208785335,0.35141853196860356,964.7750000000001,85.75,0.285367650670465,0.30114226375908615,0.16611291107757534
47,0.100560458960697,-0.16101021486694855,960.85625,71.25,0.28844736971364004,0.4215991692627207,0.1623991957675273
183,-0.44742249158448427,-0.289623736520349,525.0500000000001,31.375,0.6309445454098923,0.7528556593977155,0.16168849417569361
254,-0.2824336588233215,0.5527857739604153,1208.3625000000002,90.125,0.09393388673313985,0.264797507788162,0.15727087741459891
12,-0.2264665330839663,0.18185820587757315,923.0250000000001,79.5,0.3181786924701605,0.3530633437175493,0.15665842724532916
247,-0.037444720559718495,-0.7929417707400961,480.7,26.875,0.6657989095731617,0.7902388369678089,0.15641281381028901
173,-0.536845421631504,0.41756759474450705,890.48125,76.0,0.34375460484306686,0.38213914849428865,0.15165398161258964
163,0.5504736446040274,-0.37449939726194054,1132.4125,89.0,0.15362247654599925,0.2741433021806854,0.15093500651719288
170,-0.1164309629008561,0.11271802144921536,968.6625,84.875,0.28231249079031373,0.30841121495327106,0.146752691072986
209,-0.3100712041841215,-0.4955407441596229,518.6875,31.5,0.6359447910015226,0.7518172377985461,0.14553752011408108
45,-0.6157025536713847,-0.1847105343029578,540.8375000000001,33.5,0.6185372562503069,0.7352024922118381,0.1383316651219506
67,-0.5045664314558935,-0.3918298606149397,503.61250000000007,26.625,0.6477921312441671,0.7923156801661475,0.13592787983487034
175,-0.6889799741003532,-0.3185030615825364,384.875,26.625,0.7411071270691094,0.7923156801661475,0.13148494288809182
126,0.062448503120959134,-0.1742715370534554,952.175,83.125,0.29526990520163066,0.32294911734164067,0.12659899715269377
110,-0.60428563355083,-0.2449515047821405,559.4375,32.5,0.6039196424185864,0.7435098650051921,0.12454809227270203
133,-0.6815780887343241,-0.4554482580368792,373.20000000000005,16.25,0.7502824303747728,0.8785046728971962,0.12294018912519142
50,-0.2796098405104946,0.21788680686468442,1087.9625,78.625,0.18855543003094433,0.36033229491173413,0.12179117282421707
142,-0.49579716542267943,0.2467564984166546,889.5249999999999,75.375,0.3445061152315929,0.387331256490135,0.12069917617892577
38,-0.0046897116713559145,-0.08124027572606414,1068.1125000000002,78.75,0.20415541038361384,0.3592938733125649,0.11937982407468967
61,0.7268773222597289,-0.3105474673228521,1296.05,117.875,0.02502087528857011,0.034267912772585674,0.11890466074950815
243,-0.056171129286697444,-0.19464250917735573,951.5875000000001,71.75,0.2957316174664766,0.41744548286604366,0.11559086546711676
198,0.23580439960151445,0.22118697760190434,1323.325,122.0,0.0035856378014635926,0.0,0.11514425375122059
37,-0.5035092560622038,0.3101515463605853,938.8812499999999,80.375,0.30571737315192293,0.3457943925233645,0.11453851399341725
111,-0.37870294376053415,0.3709023722827173,1144.5500000000002,83.75,0.14408369762758455,0.31775700934579443,0.11351003387389053
48,-0.7696338872699754,-0.19258170496007848,488.5625,31.25,0.6596198241563926,0.7538940809968847,0.11282457823080586
149,-0.2995062729595573,0.09102451195366554,933.425,80.5,0.3100054030158652,0.3447559709241952,0.11156990323354216
131,-0.2696305814668051,0.20192622530629942,1132.75,80.25,0.15335723758534303,0.34683281412253375,0.10812142388684279
227,-0.5671757213994115,-0.501449026396336,451.61250000000007,25.0,0.688658578515644,0.8058151609553479,0.10646224791881109
249,-0.02810302828734483,-0.11711083529232963,1059.1999999999998,78.875,0.21115968367798033,0.3582554517133957,0.10605031795292538
121,-0.25507478158931696,0.060682328994593415,1039.5375,77.375,0.2266123090525075,0.37071651090342683,0.1007340918403027
192,-0.02619939330405703,0.3842717281858591,1311.675,118.75,0.012741293776707963,0.02699896157840087,0.09945314755922773
143,-0.18820622802686543,-0.092766102114081,954.84375,81.0,0.29317255267940456,0.3406022845275182,0.08820062676649408
176,-0.07141783396053025,-0.05762827501408006,1129.1875,83.875,0.15615698217004748,0.3167185877466251,0.08595736523551556
20,-0.17907324336428038,0.05103962682072324,1151.4,83.125,0.1387003290927843,0.32294911734164067,0.08340395747271695
18,-0.25114348334758296,0.03317804664028566,1073.975,80.5,0.19954811140036344,0.3447559709241952,0.08158466140431533
108,-0.10399891542758495,-0.06838083606875348,1042.8375,89.625,0.22401886143720207,0.26895119418483904,0.08014757603142567
169,0.1973943475696647,-0.4720823523906623,1056.2375,79.5,0.21348789233262921,0.3530633437175493,0.07296580780729522
242,-0.15597404291344924,-0.32221296812463274,858.1374999999999,73.75,0.36917333857262147,0.4008307372793354,0.07295426620346872
132,0.12961533558701127,0.10684346079267207,1308.325,119.5,0.015374036052851148,0.020768431983385294,0.06815031610397995
68,-0.32082028585774786,0.049977554185988926,1005.925,87.25,0.25302814480082514,0.288681204569055,0.0677166544245303
89,-0.14382848170975815,-0.054163424780552895,1152.0500000000002,82.625,0.13818949850189077,0.3271028037383178,0.06682509893747438
99,0.4840492532589918,-0.23462153098425376,1327.8874999999998,120.875,0.0,0.009345794392523366,0.06469337916681535
220,-0.062496028953064844,-0.2322463264819996,1095.2875,78.5,0.18279876221818359,0.36137071651090347,0.06235678082350565
127,-0.09227413545849474,0.29865575591013616,1313.0125,119.375,0.011690161599292481,0.02180685358255452,0.05996965890837211
197,-0.3981266073230632,0.02249060553624188,1014.675,77.875,0.2461515791541824,0.3665628245067497,0.059269600468527694
19,-0.42672855414354494,-0.6353192462720036,570.8875,38.0,0.5949211650866938,0.6978193146417446,0.05767316982822243
9,-0.10301219660842614,-0.3692478362013275,998.7625,71.125,0.2586571049658626,0.4226375908618899,0.05225866575449971
255,0.00012859563682267316,-0.2921256445208247,1112.6875,82.125,0.16912422024657392,0.3312564901349948,0.05209591537439168
120,-0.3157930038934654,0.134007869327205,1194.2625,88.375,0.10501498108944429,0.27933541017653163,0.050641314174928884
96,-0.4009748546097605,-0.01658940118070479,961.5,84.625,0.2879414509553514,0.3104880581516095,0.0452163133291239
29,0.01666106889160593,-0.44929306108209094,966.45,84.875,0.2840512795323934,0.30841121495327106,0.03995762557379487
54,-0.2311654837806114,-0.3386839761010495,885.825,76.75,0.34741392013360173,0.3759086188992731,0.03836826978780347
66,-0.2828180731753803,-0.2113564452640419,933.6,82.25,0.3098678717029323,0.3302180685358256,0.03647785544983391
22,0.09649028395799894,-0.5130606641652642,1051.125,81.75,0.2175057714033105,0.3343717549325026,0.03382678653213697
189,-0.35828197778552695,0.18662547632305404,1227.525,95.875,0.0788742079669923,0.21703011422637586,0.03106195518272381
177,0.04901515604569981,0.0374831656394916,1325.775,120.5,0.0016601994204035186,0.012461059190031154,0.02515489507390652
98,-0.13689971159114794,-0.08596032467757314,1222.0,93.125,0.08321626798958681,0.23987538940809972,0.02505790528224136
205,-0.5346037074585503,0.14524726685303027,1098.475,86.0,0.1802937275897637,0.2990654205607477,0.022500676886247822
2,-0.1518534454194127,-0.1561346347876012,1185.7375,87.875,0.11171472076231637,0.28348909657320875,0.021803934282127804
34,-0.4067919465912585,-0.10034352290339292,982.25,84.125,0.27163416670759855,0.31464174454828664,0.01978511044030845
82,-0.42696714003686737,-0.12462866860081916,1023.425,80.75,0.23927501350753955,0.34267912772585674,0.007589583148927437
186,-0.03246702103153554,-0.4022313714829522,1187.7625,90.875,0.11012328699837892,0.25856697819314645,-0.016502031830740588
151,-0.24810382532759026,-0.1926386749058565,1190.45,90.125,0.10801119897833866,0.264797507788162,-0.016983448366736514
16,-0.14787466160991353,-0.30628890543432574,1200.4250000000002,87.875,0.10017191414116577,0.28348909657320875,-0.017625639082466185
73,-0.3052327639458068,-0.37942756127417454,1019.1500000000001,77.875,0.242634707009185,0.3665628245067497,-0.018865698426011657
214,-0.2931181527664108,-0.26691805049226697,1128.775,84.75,0.1564811631219606,0.3094496365524403,-0.02352635089606922
74,-0.09848936685782994,-0.4337743688293075,1161.75,85.75,0.13056633429932696,0.30114226375908615,-0.025138784407181064
272,-0.7478776562742815,0.009256129619534209,951.74375,82.125,0.29560882165135804,0.3312564901349948,-0.027939053717098594
256,-0.440977544199315,-0.24623714231044228,1050.1625,79.625,0.21826219362444121,0.3520249221183801,-0.029231892691733985
263,-0.14515102031157873,-0.014298851919775802,1316.2,119.75,0.009185126970872703,0.01869158878504673,-0.032893289118858776
244,-0.12326796030064188,-0.022341449580630918,1320.65,121.375,0.005687902156294333,0.005192107995846351,-0.03368234993228303
224,-0.28131989561528487,0.12512224941797084,1319.2624999999998,121.0,0.006778328994547889,0.00830737279335414,-0.035277986102353
215,-0.566793758786043,-0.19551242127874735,965.0250000000001,81.75,0.2851711773662752,0.3343717549325026,-0.03569081194150314
139,-0.41936886237652515,0.2430804826361886,1315.65,119.75,0.009617368240090185,0.01869158878504673,-0.03699485567879991
135,-0.37428254552763074,0.17083336359718299,1313.5,119.25,0.011307038656122481,0.022845275181723745,-0.04232421702315038
52,-0.5956147208905753,0.3925679419426601,1309.0500000000002,120.0,0.01480426347070063,0.01661474558670817,-0.04290694247262661
185,-0.7080650116810718,0.033670160906576097,1118.9375,82.25,0.1642123876418291,0.3302180685358256,-0.04499109864921025
267,0.1110416667289155,-0.3140543535541282,1321.4875,120.0,0.0050297165872585925,0.01661474558670817,-0.045342056162811485
87,-0.3773091893825547,-0.38841504893345824,1009.2625,83.625,0.25040522618989136,0.31879543094496365,-0.049130895295289495
158,-0.21078362201139011,-0.0529338504930439,1315.125,119.5,0.010029962178888852,0.020768431983385294,-0.058229769585539964
264,-0.5840203934532933,-0.18914305381616173,1131.6125000000002,81.0,0.15425119111940644,0.3406022845275182,-0.06957749290563259
146,-0.38239098369732233,0.056944454532394384,1320.975,120.875,0.005432486860847741,0.009345794392523366,-0.07766706197788921
266,-0.19179766091256142,-0.565733625331637,1199.025,88.125,0.10127216464462874,0.2814122533748702,-0.09371171705617487
235,-0.7107858737108227,-0.42384796981348627,864.09375,74.5,0.36449236210029956,0.3946002076843198,-0.09388531843492243
8,-0.8252617902773229,-0.23850396662165835,972.1750000000001,84.75,0.27955204086644714,0.3094496365524403,-0.11869101987002348
239,-0.5057113142472177,-0.6667309763824064,995.5125,86.0,0.26121125792032995,0.2990654205607477,-0.15304140303713662
258,0.17938474438638002,-0.8277782885393703,1315.9250000000002,121.5,0.009401247605481333,0.004153686396677014,-0.15870965253770797
90,-0.6383265777867775,-0.506447072111786,1095.525,83.75,0.18261211257920307,0.31775700934579443,-0.1611011319933915
141,-0.705708753269125,-0.5062653511350509,1073.7,87.25,0.19976423203497207,0.288681204569055,-0.18088216695003723
42,-0.5377252462383515,-0.24364057665669583,1321.5875,120.125,0.0049511272655825556,0.015576323987538943,-0.19020959291048145
